Material,Description,Plant,Sales Org,Plant Class,SLoc,Batch,Ext. Mat. Grp,Vendor,Qty (PC),Factor,Qty (HUOM),HUOM,Unit Weight (KG),Weight (T),mavg_cost,Stock Value,Bucket,VFDAT
20000004,BM RAMCO CHOCO CAKE MIX 1KG,6001,6000,Bakemate,SL00,RM165,Finished Goods,AHMAD A. ABED FACTORY,12.0,1.0,12.0,,1.0,0.012,8.8,105.6,>120 Days,20280912
20000005,BM RAMCO VANILLA CAKE MIX 10KG,6001,6000,Bakemate,SL00,394.26,Finished Goods,AHMAD A. ABED FACTORY,25.0,1.0,25.0,,10.0,0.25,55.97,1399.25,>120 Days,20280808
20000007,BM BAKEPAN SOFT 500G,6001,6000,Bakemate,SL00,SAMPLE,Finished Goods,AHMAD A. ABED FACTORY,1.0,8.0,0.12,,0.5,0.001,9.59,9.59,>120 Days,20280817
20000009,BM BAKETELLO BREAD IMPROVER 500G,6001,6000,Bakemate,SL00,SAMPLE,Finished Goods,AHMAD A. ABED FACTORY,1.0,1.0,1.0,,0.5,0.001,5.95,5.95,>120 Days,20280817
20000010,BM BEX BAKING POWDER 100G,6001,6000,Bakemate,SL00,RM134,Finished Goods,AHMAD A. ABED FACTORY,54.0,54.0,1.0,,0.1,0.005,1.76,95.04,>120 Days,20270206
20000012,BM BEX BAKING POWDER 1KG,6001,6000,Bakemate,SL00,SAMPLE,Finished Goods,AHMAD A. ABED FACTORY,58.0,8.0,7.25,,1.0,0.058,6.25,362.5,>120 Days,20280912
20000012,BM BEX BAKING POWDER 1KG,6001,6000,Bakemate,SL00,RM189,Finished Goods,AHMAD A. ABED FACTORY,5.0,8.0,0.62,,1.0,0.005,6.25,31.25,>120 Days,20270127
20000012,BM BEX BAKING POWDER 1KG,6001,6000,Bakemate,SL00,RM1171,Finished Goods,AHMAD A. ABED FACTORY,1.0,8.0,0.12,,1.0,0.001,6.25,6.25,Expired,20260726
20000013,BM BEX BAKING POWDER 25KG,6001,6000,Bakemate,SL02,1789.26,Finished Goods,AHMAD A. ABED FACTORY,2.87,1.0,2.87,,25.0,0.072,87.44,250.78,>120 Days,20280810
20000013,BM BEX BAKING POWDER 25KG,6001,6000,Bakemate,SL02,1788.26,Finished Goods,AHMAD A. ABED FACTORY,30.0,1.0,30.0,,25.0,0.75,87.44,2623.2,>120 Days,20280810
20000013,BM BEX BAKING POWDER 25KG,6001,6000,Bakemate,SL02,1787.26,Finished Goods,AHMAD A. ABED FACTORY,30.0,1.0,30.0,,25.0,0.75,87.44,2623.2,>120 Days,20280810
20000013,BM BEX BAKING POWDER 25KG,6001,6000,Bakemate,SL02,1786.26,Finished Goods,AHMAD A. ABED FACTORY,2.64,1.0,2.64,,25.0,0.066,87.44,231.02,>120 Days,20280810
20000021,DAWN BROWNIE MIX 1KG,6001,6000,Bakemate,SL00,SAMPLE,Finished Goods,AHMAD A. ABED FACTORY,12.0,1.0,12.0,,1.0,0.012,12.94,155.28,>120 Days,20280912
20000027,BM CHOCOLATE CUP CAKE MIX 1KG,6001,6000,Bakemate,SL00,SAMPLE,Finished Goods,,12.0,1.0,12.0,,1.0,0.012,7.0,84.0,>120 Days,20280912
20000027,BM CHOCOLATE CUP CAKE MIX 1KG,6001,6000,Bakemate,SL00,RM125,Finished Goods,,4.0,1.0,4.0,,1.0,0.004,7.0,28.0,>120 Days,20270806
20000040,BM CREAM CARAMEL MIX 1KG,6001,6000,Bakemate,SL00,SAMPLE,Finished Goods,AHMAD A. ABED FACTORY,10.0,1.0,10.0,,1.0,0.01,11.16,111.6,>120 Days,20280912
20000040,BM CREAM CARAMEL MIX 1KG,6001,6000,Bakemate,SL00,RM46,Finished Goods,AHMAD A. ABED FACTORY,6.0,1.0,6.0,,1.0,0.006,11.16,66.96,>120 Days,20280429
20000041,BM CREAM CHANTILLE TOP TOP 10KG,6001,6000,Bakemate,SL00,1894.26,Finished Goods,AHMAD A. ABED FACTORY,41.0,1.0,41.0,,10.0,0.41,91.78,3762.98,>120 Days,20380903
20000051,BM ENERGIE-5 ABED 500G,6001,6000,Bakemate,SL00,RM1226,Finished Goods,AHMAD A. ABED FACTORY,7.0,8.0,0.88,,0.5,0.004,26.84,187.88,>120 Days,20280829
20000052,BM ENGLISH CAKE MIX 10KG,6001,6000,Bakemate,SL00,178.26,Finished Goods,AHMAD A. ABED FACTORY,1.0,1.0,1.0,,10.0,0.01,39.45,39.45,>120 Days,20280916
20000053,BM ENGLISH CAKE MIX 1KG,6001,6000,Bakemate,SL00,RM176,Finished Goods,AHMAD A. ABED FACTORY,5.0,1.0,5.0,,1.0,0.005,4.72,23.6,>120 Days,20280816
20000055,BM FULL CREAM MILK POWDER 1KG,6001,6000,Bakemate,SL00,RM1226,Finished Goods,AHMAD A. ABED FACTORY,6.0,1.0,6.0,,1.0,0.006,17.88,107.28,>120 Days,20270223
20000063,BM HEART  DREAM 7 STAR SPONGE CAKE 10KG,6001,6000,Bakemate,SL00,894.26,Finished Goods,AHMAD A. ABED FACTORY,1.0,1.0,1.0,,10.0,0.01,45.56,45.56,>120 Days,20280808
20000064,BM HEART DREAM 7 STAR VANILLA SPONGE 1KG,6001,6000,Bakemate,SL00,SAMPLE,Finished Goods,AHMAD A. ABED FACTORY,27.0,1.0,27.0,,1.0,0.027,4.86,131.22,>120 Days,20280912
20000067,BM HEART DREAM 7 STAR CHOCO 25KG,6001,6000,Bakemate,SL00,604.26,Finished Goods,AHMAD A. ABED FACTORY,20.0,1.0,20.0,,25.0,0.5,153.59,3071.8,>120 Days,20280319
20000067,BM HEART DREAM 7 STAR CHOCO 25KG,6001,6000,Bakemate,SL00,605.26,Finished Goods,AHMAD A. ABED FACTORY,20.0,1.0,20.0,,25.0,0.5,153.59,3071.8,>120 Days,20280319
20000075,BM HOT CHOCOLATE SOUFFLE MIX 1KG,6001,6000,Bakemate,SL00,SAMPLE,Finished Goods,AHMAD A. ABED FACTORY,12.0,1.0,12.0,,1.0,0.012,10.3,123.6,>120 Days,20280912
20000075,BM HOT CHOCOLATE SOUFFLE MIX 1KG,6001,6000,Bakemate,SL00,RM11,Finished Goods,AHMAD A. ABED FACTORY,5.0,1.0,5.0,,1.0,0.005,10.3,51.5,>120 Days,20280624
20000088,BM MASTER COCOA POWDER 10-12% FAT 1KG,6001,6000,Bakemate,SL00,SAMPLE,Finished Goods,AHMAD A. ABED FACTORY,13.0,1.0,13.0,,1.0,0.013,26.52,344.76,>120 Days,20280912
20000091,BM PAN CAKE MIX 1KG,6001,6000,Bakemate,SL00,RM80,Finished Goods,AHMAD A. ABED FACTORY,77.0,1.0,77.0,,1.0,0.077,2.36,181.72,>120 Days,20280808
20000101,BM PLAIN COOKIE MIX 1KG,6001,6000,Bakemate,SL00,SAMPLE,Finished Goods,AHMAD A. ABED FACTORY,14.0,1.0,14.0,,1.0,0.014,10.68,149.52,>120 Days,20280912
20000103,BM VANILLA CUPCAKE MIX 1KG,6001,6000,Bakemate,SL00,RM125,Finished Goods,,4.0,1.0,4.0,,1.0,0.004,4.48,17.92,>120 Days,20270806
20000103,BM VANILLA CUPCAKE MIX 1KG,6001,6000,Bakemate,SL00,SAMPLE,Finished Goods,,12.0,1.0,12.0,,1.0,0.012,4.48,53.76,>120 Days,20280912
20000105,BM PLAIN VANILLA MUFFIN MIX 10KG,6001,6000,Bakemate,SL00,29.26,Finished Goods,AHMAD A. ABED FACTORY,33.0,1.0,33.0,,10.0,0.33,38.44,1268.52,>120 Days,20280327
20000106,BM VANILLA MUFFIN MIX 1KG,6001,6000,Bakemate,SL00,RM176,Finished Goods,AHMAD A. ABED FACTORY,20.0,1.0,20.0,,1.0,0.02,4.63,92.6,>120 Days,20280913
20000108,BM RAISED DONUT MIX 10KG,6001,6000,Bakemate,SL00,150.26,Finished Goods,AHMAD A. ABED FACTORY,43.0,1.0,43.0,,10.0,0.43,37.03,1592.29,>120 Days,20270920
20000108,BM RAISED DONUT MIX 10KG,6001,6000,Bakemate,SL00,149.26,Finished Goods,AHMAD A. ABED FACTORY,45.0,1.0,45.0,,10.0,0.45,37.03,1666.35,>120 Days,20270920
20000108,BM RAISED DONUT MIX 10KG,6001,6000,Bakemate,SL00,148.26,Finished Goods,AHMAD A. ABED FACTORY,45.0,1.0,45.0,,10.0,0.45,37.03,1666.35,>120 Days,20270920
20000108,BM RAISED DONUT MIX 10KG,6001,6000,Bakemate,SL00,144.26,Finished Goods,AHMAD A. ABED FACTORY,29.0,1.0,29.0,,10.0,0.29,37.03,1073.87,>120 Days,20280920
20000109,BM RAISED DONUT MIX 1KG,6001,6000,Bakemate,SL00,SAMPLE,Finished Goods,AHMAD A. ABED FACTORY,4.0,1.0,4.0,,1.0,0.004,4.89,19.56,>120 Days,20280817
20000109,BM RAISED DONUT MIX 1KG,6001,6000,Bakemate,SL00,RM104.26,Finished Goods,AHMAD A. ABED FACTORY,10.0,1.0,10.0,,1.0,0.01,4.89,48.9,>120 Days,20280919
20000114,DAWN RED VELVET CAKE MIX 1KG,6001,6000,Bakemate,SL00,RM1226,Finished Goods,"DAWN FOOD PRODUCTS, INC.",13.0,1.0,13.0,,1.0,0.013,13.66,177.58,>120 Days,20280616
20000125,BM SILKY MAGIC ROLLING FONDANT WHITE 1KG,6001,6000,Bakemate,SL00,462.26,Finished Goods,AHMAD A. ABED FACTORY,16.0,1.0,16.0,,1.0,0.016,8.8,140.8,>120 Days,20280912
20000143,BM VASILCO 169 CAKE GEL PASTE 1KG,6001,6000,Bakemate,SL00,SAMPLE,Finished Goods,AHMAD A. ABED FACTORY,2.0,1.0,2.0,,1.0,0.002,11.54,23.08,>120 Days,20280817
20000168,BM GOLDGRAIN MULTICEREAL BREAD CON. 1KG,6001,6000,Bakemate,SL00,SAMPLE,Finished Goods,,7.0,1.0,7.0,,1.0,0.007,6.98,48.86,>120 Days,20280912
20000178,BM DELUXE HI-SPONGE CAKE CONCENTRATE 1KG,6001,6000,Bakemate,SL00,RM250,Finished Goods,AHMAD A. ABED FACTORY,10.0,1.0,10.0,,1.0,0.01,7.58,75.8,>120 Days,20280913
20000185,BM KORNGRAIN MULTICEREAL BREAD CON. 1KG,6001,6000,Bakemate,SL00,SAMPLE,Finished Goods,,16.0,1.0,16.0,,1.0,0.016,8.41,134.56,>120 Days,20280912
20000194,BM PATISSIERE COLD CUSTARD 1KG,6001,6000,Bakemate,SL00,SAMPLE,Finished Goods,,28.0,1.0,28.0,,1.0,0.028,9.93,278.04,>120 Days,20280912
20000209,BM ABED GELATINE POWDER 700GM,6001,6000,Bakemate,SL00,RM430,Finished Goods,AHMAD A. ABED FACTORY,8.0,8.0,1.0,,0.7,0.006,18.2,145.6,>120 Days,20280729
20000223,BM CAKE DONUT MIX 1KG,6001,6000,Bakemate,SL00,SAMPLE,Finished Goods,,3.0,1.0,3.0,,1.0,0.003,5.36,16.08,>120 Days,20280817
20000232,BM CHOCOLATE MUFFIN MIX 1KG,6001,6000,Bakemate,SL00,SAMPLE,Finished Goods,AHMAD A. ABED FACTORY,20.0,1.0,20.0,,1.0,0.02,6.52,130.4,>120 Days,20280913
20000238,BM CREAM CHANTILLE 1KG,6001,6000,Bakemate,SL00,SAMPLE,Finished Goods,AHMAD A. ABED FACTORY,24.0,1.0,24.0,,1.0,0.024,10.38,249.12,>120 Days,20280912
20000249,BM DOUGH HAMMER SOFT 8X500GM,6001,6000,Bakemate,SL00,SAMPLE,Finished Goods,AHMAD A. ABED FACTORY,32.0,8.0,4.0,,0.5,0.016,5.03,160.96,>120 Days,20280912
20000249,BM DOUGH HAMMER SOFT 8X500GM,6001,6000,Bakemate,SL00,RM611,Finished Goods,AHMAD A. ABED FACTORY,4.0,8.0,0.5,,0.5,0.002,5.03,20.12,>120 Days,20280602
20000254,BM FUDGE BROWNIE MIX 1KG,6001,6000,Bakemate,SL00,SAMPLE,Finished Goods,,20.0,1.0,20.0,,1.0,0.02,6.1,122.0,>120 Days,20280919
20000254,BM FUDGE BROWNIE MIX 1KG,6001,6000,Bakemate,SL00,RM0826,Finished Goods,,5.0,1.0,5.0,,1.0,0.005,6.1,30.5,>120 Days,20280816
20000277,BM HEART DREAM 7 STAR CHOCO 1KG,6001,6000,Bakemate,SL00,SAMPLE,Finished Goods,AHMAD A. ABED FACTORY,3.0,1.0,3.0,,1.0,0.003,6.62,19.86,>120 Days,20280817
20000277,BM HEART DREAM 7 STAR CHOCO 1KG,6001,6000,Bakemate,SL00,RM491,Finished Goods,AHMAD A. ABED FACTORY,24.0,1.0,24.0,,1.0,0.024,6.62,158.88,>120 Days,20280913
20000281,BM HIGH POWER BREAD IMPROVER 500GM,6001,6000,Bakemate,SL00,SAMPLE,Finished Goods,AHMAD A. ABED FACTORY,1.0,8.0,0.12,,0.5,0.001,14.02,14.02,>120 Days,20280817
20000281,BM HIGH POWER BREAD IMPROVER 500GM,6001,6000,Bakemate,SL00,RM01,Finished Goods,AHMAD A. ABED FACTORY,3.0,8.0,0.38,,0.5,0.002,14.02,42.06,>120 Days,20280124
20000322,BM PURE BAKING SODA 100GM,6001,6000,Bakemate,SL00,RM326,Finished Goods,AHMAD A. ABED FACTORY,54.0,54.0,1.0,,0.1,0.005,1.51,81.54,>120 Days,20270206
20000328,ZEELANDIA RAP COLD CUSTARD 1KG,6001,6000,Bakemate,SL00,RM218,Finished Goods,AHMAD A. ABED FACTORY,40.0,1.0,40.0,,1.0,0.04,9.98,399.2,>120 Days,20280428
20000331,BAKEMATE RED VELVET SPONGE CAKE MIX 1KG,6001,6000,Bakemate,SL00,SAMPLE,Finished Goods,,5.0,1.0,5.0,,1.0,0.005,7.73,38.65,>120 Days,20280817
20000398,BM CHOCOLATE COOKIE MIX 1KG,6001,6000,Bakemate,SL00,SAMPLE,Finished Goods,AHMAD A. ABED FACTORY,14.0,1.0,14.0,,1.0,0.014,22.31,312.34,>120 Days,20280912
20000413,BM PIZZA DOUGH PREMIX 1KG,6001,6000,Bakemate,SL00,RM91,Finished Goods,AHMAD A. ABED FACTORY,6.0,1.0,6.0,,1.0,0.006,5.01,30.06,>120 Days,20280424
20000438,BM DONUT ICING SUGAR 10KG,6001,6000,Bakemate,SL00,1.26,Finished Goods,,1.0,1.0,1.0,,10.0,0.01,50.06,50.06,>120 Days,20280327
20000441,SILKY MAGIC ROLLING FONDANT WHITE 500G,6001,6000,Bakemate,SL00,335.26,Finished Goods,AHMAD A. ABED FACTORY,1.0,1.0,1.0,,0.5,0.001,4.68,4.68,>120 Days,20280712
20000500,BM PIZZA FLOUR (SBARRO) 22.68KG,6001,6000,Bakemate,SL00,109.26,Finished Goods,AHMAD A. ABED FACTORY,10.0,1.0,10.0,,22.68,0.227,26.33,263.3,>120 Days,20280414
20000500,BM PIZZA FLOUR (SBARRO) 22.68KG,6001,6000,Bakemate,SL00,110.26,Finished Goods,AHMAD A. ABED FACTORY,21.0,1.0,21.0,,22.68,0.476,26.33,552.93,>120 Days,20280414
20000500,BM PIZZA FLOUR (SBARRO) 22.68KG,6001,6000,Bakemate,SL00,111.26,Finished Goods,AHMAD A. ABED FACTORY,10.0,1.0,10.0,,22.68,0.227,26.33,263.3,>120 Days,20280414
20000527,BM VANILLA CREAM CAKE MIX 25KG,6001,6000,Bakemate,SL00,204.26,Finished Goods,AHMAD A. ABED FACTORY,13.0,1.0,13.0,,25.0,0.325,107.31,1395.03,>120 Days,20280316
20000546,MUNCH VANILLA CAKE MIX 25KG,6001,6000,Bakemate,SL00,181.26,Finished Goods,AHMAD A. ABED FACTORY,18.0,1.0,18.0,,25.0,0.45,109.43,1969.74,>120 Days,20280321
20000546,MUNCH VANILLA CAKE MIX 25KG,6001,6000,Bakemate,SL00,182.26,Finished Goods,AHMAD A. ABED FACTORY,18.0,1.0,18.0,,25.0,0.45,109.43,1969.74,>120 Days,20280321
20000546,MUNCH VANILLA CAKE MIX 25KG,6001,6000,Bakemate,SL00,183.26,Finished Goods,AHMAD A. ABED FACTORY,18.0,1.0,18.0,,25.0,0.45,109.43,1969.74,>120 Days,20280321
20000546,MUNCH VANILLA CAKE MIX 25KG,6001,6000,Bakemate,SL00,184.26,Finished Goods,AHMAD A. ABED FACTORY,18.0,1.0,18.0,,25.0,0.45,109.43,1969.74,>120 Days,20280321
20000546,MUNCH VANILLA CAKE MIX 25KG,6001,6000,Bakemate,SL00,185.26,Finished Goods,AHMAD A. ABED FACTORY,18.0,1.0,18.0,,25.0,0.45,109.43,1969.74,>120 Days,20280321
20000546,MUNCH VANILLA CAKE MIX 25KG,6001,6000,Bakemate,SL00,186.26,Finished Goods,AHMAD A. ABED FACTORY,18.0,1.0,18.0,,25.0,0.45,109.43,1969.74,>120 Days,20280321
20000546,MUNCH VANILLA CAKE MIX 25KG,6001,6000,Bakemate,SL00,187.26,Finished Goods,AHMAD A. ABED FACTORY,12.0,1.0,12.0,,25.0,0.3,109.43,1313.16,>120 Days,20280321
20000552,MUNCH CHOCOLATE CAKE MIX 25KG,6001,6000,Bakemate,SL00,79.26,Finished Goods,AHMAD A. ABED FACTORY,20.0,1.0,20.0,,25.0,0.5,162.55,3251.0,>120 Days,20280323
20000552,MUNCH CHOCOLATE CAKE MIX 25KG,6001,6000,Bakemate,SL00,80.26,Finished Goods,AHMAD A. ABED FACTORY,20.0,1.0,20.0,,25.0,0.5,162.55,3251.0,>120 Days,20280323
20000552,MUNCH CHOCOLATE CAKE MIX 25KG,6001,6000,Bakemate,SL00,81.26,Finished Goods,AHMAD A. ABED FACTORY,20.0,1.0,20.0,,25.0,0.5,162.55,3251.0,>120 Days,20280323
20000552,MUNCH CHOCOLATE CAKE MIX 25KG,6001,6000,Bakemate,SL00,82.26,Finished Goods,AHMAD A. ABED FACTORY,20.0,1.0,20.0,,25.0,0.5,162.55,3251.0,>120 Days,20280323
20000552,MUNCH CHOCOLATE CAKE MIX 25KG,6001,6000,Bakemate,SL00,83.26,Finished Goods,AHMAD A. ABED FACTORY,20.0,1.0,20.0,,25.0,0.5,162.55,3251.0,>120 Days,20280323
20000552,MUNCH CHOCOLATE CAKE MIX 25KG,6001,6000,Bakemate,SL00,84.26,Finished Goods,AHMAD A. ABED FACTORY,20.0,1.0,20.0,,25.0,0.5,162.55,3251.0,>120 Days,20280323
20000585,BM VANILLA CREAM CAKE MIX 1KG,6001,6000,Bakemate,SL00,RM0826,Finished Goods,AHMAD A. ABED FACTORY,5.0,1.0,5.0,,1.0,0.005,4.99,24.95,>120 Days,20280216
20000585,BM VANILLA CREAM CAKE MIX 1KG,6001,6000,Bakemate,SL00,SAMPLE,Finished Goods,AHMAD A. ABED FACTORY,20.0,1.0,20.0,,1.0,0.02,4.99,99.8,>120 Days,20280912
20000586,BM CHOCOLATE CREAM CAKE MIX 1KG,6001,6000,Bakemate,SL00,RM0826,Finished Goods,AHMAD A. ABED FACTORY,5.0,1.0,5.0,,1.0,0.005,5.96,29.8,>120 Days,20280216
20000586,BM CHOCOLATE CREAM CAKE MIX 1KG,6001,6000,Bakemate,SL00,SAMPLE,Finished Goods,AHMAD A. ABED FACTORY,20.0,1.0,20.0,,1.0,0.02,5.96,119.2,>120 Days,20280312
30000001,ASCORBIC ACID,6001,6000,Bakemate,SL02,2029.10.01,Raw Materials,ECHEMI GLOBAL CO. LIMITED.,339.88,1.0,339.88,,1.0,0.34,12.59,4279.06,>120 Days,20271101
30000001,ASCORBIC ACID,6001,6000,Bakemate,SL02,2029.10.31,Raw Materials,ECHEMI GLOBAL CO. LIMITED.,432.56,1.0,432.56,,1.0,0.433,12.59,5445.97,>120 Days,20271031
30000003,EUROVANILLIN PLUS,6001,6000,Bakemate,SL02,2030.02.10,Raw Materials,OBEGI CHEMICALS L.L.C.,14.21,1.0,14.21,,1.0,0.014,44.34,630.25,>120 Days,20300210
30000007,NEOVANIL DRY FLAVOUR,6001,6000,Bakemate,SL02,2028.03.01,Raw Materials,GIVAUDAN MEA FZE,343.91,1.0,343.91,,1.0,0.344,31.77,10926.15,>120 Days,20280301
30000010,SODIUM ALGINATE,6001,6000,Bakemate,SL02,2027.07.01,Raw Materials,ROSE FOODSTUFF CHEMISTRY CO LTD,10.2,1.0,10.2,,1.0,0.01,30.3,309.06,>120 Days,20270701
30000011,WHEAT STARCH,6001,6000,Bakemate,SL01,2028.01.02,Raw Materials,COMPTOIR EXPORT DE MATIERES PREMIER,3025.0,1.0,3025.0,,1.0,3.025,2.65,8016.25,>120 Days,20280102
30000011,WHEAT STARCH,6001,6000,Bakemate,SL02,2028.01.02,Raw Materials,COMPTOIR EXPORT DE MATIERES PREMIER,7683.62,1.0,7683.62,,1.0,7.684,2.65,20361.6,>120 Days,20280102
30000013,SUGAR FINE CRYSTAL,6001,6000,Bakemate,SL02,2028.09.01,Raw Materials,UNITED SUGAR COMPANY,2335.73,50.0,46.71,,1.0,2.336,2.02,4718.18,>120 Days,20280831
30000013,SUGAR FINE CRYSTAL,6001,6000,Bakemate,SL02,2031.08.01,Raw Materials,UNITED SUGAR COMPANY,29274.47,50.0,585.49,,1.0,29.274,2.02,59134.44,>120 Days,20310801
30000014,CAKE FLOUR 70% EXTRACTION,6001,6000,Bakemate,SL03,2027.03.21,Raw Materials,GRAIN SILOS (FIRST MILLING COMPANY),7817.57,1.0,7817.57,,1.0,7.818,0.65,5081.42,>120 Days,20270321
30000014,CAKE FLOUR 70% EXTRACTION,6001,6000,Bakemate,SL02,2027.03.14,Raw Materials,GRAIN SILOS (FIRST MILLING COMPANY),11417.34,1.0,11417.34,,1.0,11.417,0.65,7421.27,>120 Days,20280914
30000014,CAKE FLOUR 70% EXTRACTION,6001,6000,Bakemate,SL02,2027.03.15,Raw Materials,GRAIN SILOS (FIRST MILLING COMPANY),21020.0,1.0,21020.0,,1.0,21.02,0.65,13663.0,>120 Days,20280915
30000014,CAKE FLOUR 70% EXTRACTION,6001,6000,Bakemate,SL02,2027.03.19,Raw Materials,GRAIN SILOS (FIRST MILLING COMPANY),18407.95,1.0,18407.95,,1.0,18.408,0.65,11965.17,>120 Days,20270319
30000014,CAKE FLOUR 70% EXTRACTION,6001,6000,Bakemate,SL02,2027.03.20,Raw Materials,GRAIN SILOS (FIRST MILLING COMPANY),20540.0,1.0,20540.0,,1.0,20.54,0.65,13351.0,>120 Days,20270320
30000014,CAKE FLOUR 70% EXTRACTION,6001,6000,Bakemate,SL02,2027.03.21,Raw Materials,GRAIN SILOS (FIRST MILLING COMPANY),13622.43,1.0,13622.43,,1.0,13.622,0.65,8854.58,>120 Days,20270321
30000015,SUN FLOWER OIL,6001,6000,Bakemate,SL02,2028.01.18,Raw Materials,AHMAD A. ABED TRADING CO. LTD.,772.77,1.0,772.77,,1.0,0.773,7.32,5656.71,>120 Days,20280118
30000019,SOFT WHEAT CAKE FLOUR FLAMINGO,6001,6000,Bakemate,SL02,2027.03.01,Raw Materials,DOSSCHE MILLS B.V.,547.69,1.0,547.69,,1.0,0.548,5.37,2941.11,>120 Days,20270317
30000019,SOFT WHEAT CAKE FLOUR FLAMINGO,6001,6000,Bakemate,SL02,2027.04.01,Raw Materials,DOSSCHE MILLS B.V.,16825.0,1.0,16825.0,,1.0,16.825,5.37,90350.25,>120 Days,20270401
30000023,POTASSIUM SORBATE,6001,6000,Bakemate,SL02,2026.03.17,Raw Materials,LIANYUNNANG MUPRO IMP & EXP CO. LTD,10.93,25.0,0.44,,1.0,0.011,14.7,160.7,Expired,20260317
30000023,POTASSIUM SORBATE,6001,6000,Bakemate,SL02,2026.11.27,Raw Materials,LIANYUNNANG MUPRO IMP & EXP CO. LTD,10.24,25.0,0.41,,1.0,0.01,14.7,150.57,61-90,20261127
30000026,SODIUM ALUMINUM PHOSPHATE,6001,6000,Bakemate,SL02,2027.12.03,Raw Materials,LIANYUNNANG MUPRO IMP & EXP CO. LTD,709.64,1.0,709.64,KG,1.0,0.71,10.49,7444.16,>120 Days,20271204
30000028,BLOV Flavor (Rounding Off) 652221,6001,6000,Bakemate,SL02,2028.02.01,Raw Materials,,184.84,1.0,184.84,,1.0,0.185,127.96,23652.13,>120 Days,20280229
30000030,RAP CUSTARD PREMIX 5%,6001,6000,Bakemate,SL02,2027.01.04,Raw Materials,,27.82,1.0,27.82,,1.0,0.028,30.08,836.83,91-120,20270107
30000031,AKUCELL AF 2785,6001,6000,Bakemate,SL02,2029.01.27,Raw Materials,ZEELANDIA INTERNATIONAL B.V.,27.07,1.0,27.07,,1.0,0.027,39.92,1080.47,>120 Days,20290126
30000032,AROMALT DARK,6001,6000,Bakemate,SL02,2027.06.15,Raw Materials,ZEELANDIA INTERNATIONAL B.V.,33.27,1.0,33.27,,1.0,0.033,11.53,383.61,>120 Days,20270618
30000033,EDIBLE GELATIN BLOOM 200-220GM,6001,6000,Bakemate,SL02,2030.04.16,Raw Materials,SAUDI GELATIN AND CAPSULES CO,35.4,1.0,35.4,,1.0,0.035,22.0,778.8,>120 Days,20270417
30000036,SOYA FLOUR,6001,6000,Bakemate,SL02,2027.02.19,Raw Materials,SONIC BIOCHEM EXTRACTIONS PRIVATE L,430.54,1.0,430.54,,1.0,0.431,3.85,1657.59,>120 Days,20270220
30000037,EMULSIFIER EMULPALS 110,6001,6000,Bakemate,SL02,2027.06.23,Raw Materials,PALSGAARD A/S,11.93,1.0,11.93,,1.0,0.012,22.68,270.66,>120 Days,20270624
30000038,PALSGUARD 3426 SSL,6001,6000,Bakemate,SL01,2028.07.05,Raw Materials,PALSGAARD A/S,41.41,1.0,41.41,,1.0,0.041,23.0,952.43,>120 Days,20280705
30000038,PALSGUARD 3426 SSL,6001,6000,Bakemate,SL02,2028.07.05,Raw Materials,PALSGAARD A/S,321.78,1.0,321.78,,1.0,0.322,23.0,7400.89,>120 Days,20280705
30000039,ARABIC GUM,6001,6000,Bakemate,SL02,2026.08.06,Raw Materials,ROSE FOODSTUFF CHEMISTRY CO LTD,8.41,1.0,8.41,,1.0,0.008,16.48,138.61,Expired,20260806
30000040,PENTOPAN MONO BG,6001,6000,Bakemate,SL02,2027.11.07,Raw Materials,NOVOZYMES A/S,137.19,1.0,137.19,,1.0,0.137,41.84,5740.2,>120 Days,20271107
30000041,BISCA MULTI BASE,6001,6000,Bakemate,SL02,2026.11.29,Raw Materials,ZEELANDIA INTERNATIONAL B.V.,45.45,1.0,45.45,,10.0,0.455,14.12,641.75,31-60,20261126
30000041,BISCA MULTI BASE,6001,6000,Bakemate,SL02,2026.11.26,Raw Materials,ZEELANDIA INTERNATIONAL B.V.,1065.0,1.0,1065.0,,10.0,10.65,14.12,15037.8,31-60,20261126
30000041,BISCA MULTI BASE,6001,6000,Bakemate,SL01,2026.11.26,Raw Materials,ZEELANDIA INTERNATIONAL B.V.,400.0,1.0,400.0,,10.0,4.0,14.12,5648.0,31-60,20261126
30000042,BISCAMIX CONCENTRATE 10%,6001,6000,Bakemate,SL02,2026.12.12,Raw Materials,ZEELANDIA INTERNATIONAL B.V.,208.03,1.0,208.03,,1.0,0.208,24.29,5052.93,61-90,20261217
30000043,BROWN SUGAR,6001,6000,Bakemate,SL02,2028.09.01,Raw Materials,ALENZI FOR PACKAGING,40.78,1.0,40.78,,1.0,0.041,4.14,168.83,>120 Days,20271001
30000045,BUTTER BUDS 32X,6001,6000,Bakemate,SL02,2026.09.28,Raw Materials,FANAR AL KHALEEJ TR.,241.32,1.0,241.32,,1.0,0.241,47.5,11462.89,0-30,20260928
30000048,CALCIUM CARBONATE,6001,6000,Bakemate,SL02,2028.04.02,Raw Materials,SAUDI LIME INDUSTRIES CO,554.2,1.0,554.2,,1.0,0.554,0.25,138.55,>120 Days,20280331
30000051,CARAMEL CONCENTRATE,6001,6000,Bakemate,SL02,2027.11.01,Raw Materials,INDUXTRA DE SUMINISTROS,9.32,1.0,9.32,,1.0,0.009,55.01,512.75,>120 Days,20270501
30000052,CINNAMON POWDER,6001,6000,Bakemate,SL02,2027.01.05,Raw Materials,,20.99,1.0,20.99,,1.0,0.021,15.0,314.91,>120 Days,20280105
30000053,CITRIC ACID,6001,6000,Bakemate,SL02,2029.02.01,Raw Materials,MODERN PETROCHEMICALS COMPANY,41.38,1.0,41.38,,1.0,0.041,5.19,214.79,>120 Days,20280202
30000057,COCOA POWDER PV4,6001,6000,Bakemate,SL02,2028.06.01,Raw Materials,AHMAD A. ABED TRADING CO. LTD.,352.87,1.0,352.87,,1.0,0.353,21.93,7738.33,>120 Days,20280531
30000059,COCOA POWDER PV7,6001,6000,Bakemate,SL02,2028.04.01,Raw Materials,AHMAD A. ABED TRADING CO. LTD.,982.95,1.0,982.95,,1.0,0.983,26.8,26342.93,>120 Days,20280401
30000060,CORN STARCH,6001,6000,Bakemate,SL02,2028.07.01,Raw Materials,ARABIAN MAIZE CO,2149.03,1.0,2149.03,,1.0,2.149,2.13,4577.44,>120 Days,20280630
30000069,DEXTROSE MONOHYDRATE,6001,6000,Bakemate,SL02,2027.10.15,Raw Materials,ROSE FOODSTUFF CHEMISTRY CO LTD,546.31,1.0,546.31,,1.0,0.546,3.19,1742.74,>120 Days,20271016
30000070,DIMODAN HP 75/B,6001,6000,Bakemate,SL02,2028.03.12,Raw Materials,FOOD SPECIALITIES LIMITED,15.89,1.0,15.89,,1.0,0.016,19.48,309.52,>120 Days,20280312
30000073,FULL CREAM MILK POWDER,6001,6000,Bakemate,SL02,2027.09.01,Raw Materials,AHMAD A. ABED TRADING CO. LTD.,254.77,1.0,254.77,,1.0,0.255,17.95,4573.05,>120 Days,20280229
30000082,GLYCERINE,6001,6000,Bakemate,SL02,2027.11.27,Raw Materials,MODERN PETROCHEMICALS COMPANY,46.97,1.0,46.97,,1.0,0.047,8.99,422.28,>120 Days,20271127
30000085,GUAR GUM,6001,6000,Bakemate,SL02,2027.11.29,Raw Materials,,129.99,1.0,129.99,,1.0,0.13,7.5,974.95,61-90,20261130
30000088,HEN EGG ALBUMEN POWDER,6001,6000,Bakemate,SL02,2028.07.30,Raw Materials,B.V. NEDERLENDSE INDUSTRIE VAN,34.24,1.0,34.24,KG,1.0,0.034,32.47,1111.87,>120 Days,20280729
30000089,HEN EGG YOLK POWDER,6001,6000,Bakemate,SL02,2027.09.01,Raw Materials,B.V. NEDERLENDSE INDUSTRIE VAN,28.1,1.0,28.1,,1.0,0.028,84.5,2374.28,>120 Days,20280531
30000090,HEN WHOLE EGG POWDER,6001,6000,Bakemate,SL02,2027.09.09,Raw Materials,B.V. NEDERLENDSE INDUSTRIE VAN,44.3,1.0,44.3,,1.0,0.044,54.9,2431.91,>120 Days,20270909
30000110,LIQUID GLUCOSE,6001,6000,Bakemate,SL02,2028.07.01,Raw Materials,MIDDLE EAST FOOD SOLUTION COMPANY-M,25.05,1.0,25.05,,1.0,0.025,2.07,51.85,>120 Days,20280701
30000112,Coldswell 5771A (Modified Potato Starch),6001,6000,Bakemate,SL01,2029.03.03,Raw Materials,,10.0,1.0,10.0,,1.0,0.01,15.6,156.0,>120 Days,20280302
30000114,NOVAMYL 3D BG,6001,6000,Bakemate,SL02,2027.12.08,Raw Materials,NOVOZYMES A/S,23.64,20.0,1.18,,1.0,0.024,517.71,12240.74,>120 Days,20271208
30000116,EMJEL 820C MODIFIED POTATO STARCH,6001,6000,Bakemate,SL02,2027.12.21,Raw Materials,EMSLAND STAERKE GMBH,1608.04,1.0,1608.04,,1.0,1.608,8.7,13989.93,>120 Days,20271221
30000118,MONOCALCIUM PHOSPHATE,6001,6000,Bakemate,SL02,2026.09.10,Raw Materials,ROSE FOODSTUFF CHEMISTRY CO LTD,17.72,1.0,17.72,,1.0,0.018,13.12,232.47,Expired,20260910
30000126,AEROWHIP 630(ashland),6001,6000,Bakemate,SL02,259246,Raw Materials,,36.22,1.0,36.22,,1.0,0.036,196.0,7099.12,>120 Days,20271209
30000128,POWDER COLOUR - ALLURA RED B129,6001,6000,Bakemate,SL02,2028.05.27,Raw Materials,,25.0,1.0,25.0,,1.0,0.025,80.32,2008.0,>120 Days,20270528
30000128,POWDER COLOUR - ALLURA RED B129,6001,6000,Bakemate,SL02,2026.04.20,Raw Materials,,11.72,1.0,11.72,,1.0,0.012,80.32,941.35,Expired,20260420
30000131,POWDER COLOUR - BRILLIANT  BLUE,6001,6000,Bakemate,SL02,2026.06.13,Raw Materials,,40.6,1.0,40.6,,1.0,0.041,236.13,9586.88,Expired,20260613
30000135,BITTER DRY ALMOND FLAVOR 250970,6001,6000,Bakemate,SL02,2027.06.01,Raw Materials,,43.66,1.0,43.66,,1.0,0.044,107.6,4697.82,>120 Days,20270601
30000137,CREAM FLAVOUR  648588,6001,6000,Bakemate,SL02,2026.08.01,Raw Materials,SYMRISE GMBH & CO.,31.14,1.0,31.14,,1.0,0.031,46.78,1456.73,Expired,20260801
30000138,CREAM VANILLA FLAVOUR QF17823,6001,6000,Bakemate,SL02,2027.02.17,Raw Materials,GIVAUDAN MEA FZE,48.24,1.0,48.24,,1.0,0.048,132.6,6396.09,>120 Days,20270222
30000143,DAWN PREMIUM CHOCOLATE CREME CAKE BASE,6001,6000,Bakemate,SL01,2028.05.29,Raw Materials,,4536.0,2268.0,2.0,,1.0,4.536,10.22,46357.92,>120 Days,20280529
30000146,REFINED IODIZED SALT,6001,6000,Bakemate,SL02,2031.02.01,Raw Materials,ZAD INDUSTRY CO,1961.63,1.0,1961.63,,1.0,1.962,0.58,1137.75,>120 Days,20310201
30000149,Sodium Alginate Blend (Gelcarin FF 37),6001,6000,Bakemate,SL02,2026.06.25,Raw Materials,,25.0,1.0,25.0,,1.0,0.025,163.01,4075.25,Expired,20260625
30000150,VEGETABLE SHORTENING,6001,6000,Bakemate,SL01,2027.01.22,Raw Materials,AHMAD A. ABED TRADING CO. LTD.,90.88,1.0,90.88,,1.0,0.091,5.55,504.41,>120 Days,20280123
30000151,SKIMMED MILK POWDER,6001,6000,Bakemate,SL02,2028.01.19,Raw Materials,AHMAD A. ABED TRADING CO. LTD.,2245.33,1.0,2245.33,,1.0,2.245,11.24,25237.51,>120 Days,20280120
30000152,SODIUM BICARBONATE,6001,6000,Bakemate,SL02,2028.05.10,Raw Materials,ECHEMI GLOBAL CO. LIMITED.,2062.66,1.0,2062.66,,1.0,2.063,1.68,3465.27,>120 Days,20280510
30000152,SODIUM BICARBONATE,6001,6000,Bakemate,SL02,2028.04.09,Raw Materials,ECHEMI GLOBAL CO. LIMITED.,1621.6,1.0,1621.6,,1.0,1.622,1.68,2724.28,>120 Days,20280409
30000153,SPONGOLIT 542,6001,6000,Bakemate,SL01,2027.05.31,Raw Materials,BASF - THE CHEMICAL COMPANY,1051.97,1.0,1051.97,,1.0,1.052,18.17,19114.37,>120 Days,20270531
30000153,SPONGOLIT 542,6001,6000,Bakemate,SL02,2027.05.31,Raw Materials,BASF - THE CHEMICAL COMPANY,2408.03,1.0,2408.03,,1.0,2.408,18.17,43753.83,>120 Days,20270531
30000153,SPONGOLIT 542,6001,6000,Bakemate,SL02,2028.03.13,Raw Materials,BASF - THE CHEMICAL COMPANY,3413.19,1.0,3413.19,,1.0,3.413,18.17,62017.7,>120 Days,20270314
30000154,TOPPING BASE VANA MONTE DP563 RSPO SG,6001,6000,Bakemate,SL01,2027.07.12,Raw Materials,,25.0,1.0,25.0,,1.0,0.025,16.89,422.25,>120 Days,20270712
30000158,TRICALCIUM PHOSPHATE,6001,6000,Bakemate,SL02,2028.01.20,Raw Materials,LIANYUNNANG MUPRO IMP & EXP CO. LTD,183.39,1.0,183.39,,1.0,0.183,5.39,988.47,>120 Days,20280121
30000162,SWEET WHEY POWDER,6001,6000,Bakemate,SL02,2027.11.16,Raw Materials,AHMAD A. ABED TRADING CO. LTD.,655.33,1.0,655.33,,1.0,0.655,10.92,7156.16,>120 Days,20271116
30000162,SWEET WHEY POWDER,6001,6000,Bakemate,SL01,2027.11.16,Raw Materials,AHMAD A. ABED TRADING CO. LTD.,50.0,1.0,50.0,,1.0,0.05,10.92,546.0,>120 Days,20271116
30000163,XANTHAN GUM,6001,6000,Bakemate,SL02,2026.12.20,Raw Materials,MODERN PETROCHEMICALS COMPANY,115.57,1.0,115.57,,1.0,0.116,15.22,1758.98,61-90,20261220
30000163,XANTHAN GUM,6001,6000,Bakemate,SL02,2027.04.02,Raw Materials,MODERN PETROCHEMICALS COMPANY,111.4,1.0,111.4,,1.0,0.111,15.22,1695.45,>120 Days,20270205
30000166,DAWN BAKERS REQUEST CAKE MIX RED VELVET,6001,6000,Bakemate,SL02,2026.12.08,Raw Materials,"DAWN FOOD PRODUCTS, INC.",9.32,23.0,0.41,,1.0,0.009,12.62,117.62,61-90,20261208
30000171,VITAL WHEAT GLUTEN,6001,6000,Bakemate,SL02,2028.05.01,Raw Materials,AHMAD A. ABED TRADING CO. LTD.,154.45,1.0,154.45,,1.0,0.154,7.95,1227.89,>120 Days,20280430
30000176,SODIUM ACID PYROPHOSPHATE,6001,6000,Bakemate,SL02,2027.12.15,Raw Materials,SHIFANG CHUANTENG CHEMICAL INDUSTRY,1569.35,1.0,1569.35,,1.0,1.569,5.64,8851.11,>120 Days,20271215
30000176,SODIUM ACID PYROPHOSPHATE,6001,6000,Bakemate,SL01,2028.03.04,Raw Materials,SHIFANG CHUANTENG CHEMICAL INDUSTRY,7438.77,1.0,7438.77,,1.0,7.439,5.64,41954.67,>120 Days,20280304
30000191,PANODAN A2020,6001,6000,Bakemate,SL02,2026.09.18,Raw Materials,FOOD SPECIALITIES LIMITED,22.75,1.0,22.75,,1.0,0.023,52.48,1193.82,Expired,20260918
30000213,VANILLIN CRYSTAL - ESSENTIAL,6001,6000,Bakemate,SL02,2027.05.12,Raw Materials,ORKILA,25.0,1.0,25.0,,1.0,0.025,31.68,792.0,>120 Days,20270511
30000226,PANZEA BG,6001,6000,Bakemate,SL02,2027.11.10,Raw Materials,NOVOZYMES A/S,20.0,20.0,1.0,,1.0,0.02,67.79,1355.8,>120 Days,20271110
30000227,FUNGAMYL 4000 SG,6001,6000,Bakemate,SL02,2027.12.03,Raw Materials,NOVOZYMES A/S,25.49,20.0,1.27,,1.0,0.025,150.53,3837.46,>120 Days,20271203
30000229,MAIDA PRESTINE PATISSERIE FLOUR T45,6001,6000,Bakemate,SL02,2026.10.26,Raw Materials,UNIPEX DAIRY PRODUCTS CO LTD,4970.71,1.0,4970.71,,1.0,4.971,3.5,17397.49,Expired,20260729
30000234,INSTANT DRY YEAST,6001,6000,Bakemate,SL02,2027.04.22,Raw Materials,EAGLE OF THE EAST TRADING COMPANY,36.82,1.0,36.82,,1.0,0.037,12.08,444.74,>120 Days,20270423
30000246,LIPOPAN ELITE,6001,6000,Bakemate,SL02,2026.12.13,Raw Materials,NOVOZYMES A/S,67.97,1.0,67.97,,1.0,0.068,633.18,43036.61,61-90,20261214
30000262,PILLSBURRY SPONGE CAKE IMPROVER,6001,6000,Bakemate,SL02,2026.05.15,Raw Materials,GENERAL MILLS MIDDLE EAST,20.41,2041.0,0.01,,1.0,0.02,15.31,312.48,Expired,20260515
30000263,CHOCOLATE BROWN HT,6001,6000,Bakemate,SL02,2028.05.28,Raw Materials,DYNEMIC PRODUCTS LTD.,41.71,1.0,41.71,,1.0,0.042,56.08,2338.98,>120 Days,20300528
30000264,PILLSBURRY YEAST DONUT IMPROVER,6001,6000,Bakemate,SL02,2025.10.06,Raw Materials,GENERAL MILLS MIDDLE EAST,299.71,2041.0,0.15,,1.0,0.3,13.11,3929.26,Expired,20251007
30000264,PILLSBURRY YEAST DONUT IMPROVER,6001,6000,Bakemate,SL02,2026.05.15,Raw Materials,GENERAL MILLS MIDDLE EAST,20.41,2041.0,0.01,,1.0,0.02,13.11,267.58,Expired,20260515
30000264,PILLSBURRY YEAST DONUT IMPROVER,6001,6000,Bakemate,SL02,2025.10.09,Raw Materials,GENERAL MILLS MIDDLE EAST,20.41,2041.0,0.01,,1.0,0.02,13.11,267.58,Expired,20251009
30000267,PILLSBURRY CREME CAKE IMPROVER,6001,6000,Bakemate,SL02,2027.02.13,Raw Materials,GENERAL MILLS MIDDLE EAST,20.41,2041.0,0.01,,1.0,0.02,16.45,335.74,>120 Days,20270213
30000268,CREMODAN 100 COLDLINE,6001,6000,Bakemate,SL02,2027.05.26,Raw Materials,FOOD SPECIALITIES LIMITED,28.0,1.0,28.0,,1.0,0.028,111.86,3132.08,>120 Days,20270526
30000268,CREMODAN 100 COLDLINE,6001,6000,Bakemate,SL02,2026.08.03,Raw Materials,FOOD SPECIALITIES LIMITED,0.87,1.0,0.87,,1.0,0.001,111.86,97.77,Expired,20260308
30000283,DAWN EXCEPTIONAL POTATO BREAD BASE,6001,6000,Bakemate,SL01,2026.02.06,Raw Materials,"DAWN FOOD PRODUCTS, INC.",76.26,2268.0,0.03,,1.0,0.076,10.62,809.88,Expired,20260206
30000284,DAWN RAISED DONUT BASE - EXTEND-R,6001,6000,Bakemate,SL02,2025.07.09,Raw Materials,"DAWN FOOD PRODUCTS, INC.",362.88,2268.0,0.16,,1.0,0.363,7.54,2736.12,Expired,20250710
30000288,DAWN SA CREAM CAKE CONCENTRATE PLAIN,6001,6000,Bakemate,SL01,2027.03.27,Raw Materials,DAWN FOODS PORTUGAL S.A,403.2,20.0,20.16,,1.0,0.403,13.88,5596.42,>120 Days,20280326
30000292,SESAME SEEDS 99.99%,6001,6000,Bakemate,SL01,UAC-ABED-8,Raw Materials,,50.0,1.0,50.0,,1.0,0.05,6.53,326.5,>120 Days,20270801
30000318,DAWN SA CREAM CAKE CONCENTRATE CHOCO,6001,6000,Bakemate,SL01,2027.04.23,Raw Materials,DAWN FOODS PORTUGAL S.A,29.55,20.0,1.48,,1.0,0.03,24.49,723.68,>120 Days,20280422
30000320,GLUZYME FORTIS 2X BG,6001,6000,Bakemate,SL02,2027.06.11,Raw Materials,NOVOZYMES A/S,35.19,1.0,35.19,,1.0,0.035,522.18,18372.9,>120 Days,20270611
30000321,NATURAL COLOR BILLIANT BLUE E133,6001,6000,Bakemate,SL02,2027.08.31,Raw Materials,DOHLER GMBH,20.0,1.0,20.0,,1.0,0.02,491.99,9839.8,>120 Days,20270831
30000321,NATURAL COLOR BILLIANT BLUE E133,6001,6000,Bakemate,SL02,2026.07.13,Raw Materials,DOHLER GMBH,20.6,1.0,20.6,,1.0,0.021,491.99,10134.99,Expired,20260713
30000322,NATURAL COLOR CLOUDY YELLOW,6001,6000,Bakemate,SL02,2028.08.30,Raw Materials,DOHLER GMBH,11.1,1.0,11.1,,1.0,0.011,539.72,5990.89,>120 Days,20280914
30000323,NATURAL COLOR WHITE DIAMOND E516,6001,6000,Bakemate,SL02,2029.06.09,Raw Materials,DOHLER GMBH,8.0,1.0,8.0,,1.0,0.008,56.36,450.88,>120 Days,20290609
30000324,NATURAL COLOR BLACK TURBID E153,6001,6000,Bakemate,SL02,2029.02.28,Raw Materials,DOHLER GMBH,24.0,1.0,24.0,,1.0,0.024,217.47,5219.28,>120 Days,20290227
30000326,PENTOPAN MONO BG 10X,6001,6000,Bakemate,SL02,2025.12.21,Raw Materials,,20.0,1.0,20.0,,25.0,0.5,88.12,1762.4,61-90,20261222
30000331,BAKERY FLOUR 80% EXTRACTION,6001,6000,Bakemate,SL02,2027.03.01,Raw Materials,GRAIN SILOS (FIRST MILLING COMPANY),270.0,1.0,270.0,,1.0,0.27,0.53,143.1,>120 Days,20280831
30000337,RICE STARCH,6001,6000,Bakemate,SL02,2029.02.25,Raw Materials,RUE FLAMBEE ITALIAS.R.L,46.18,1.0,46.18,,1.0,0.046,15.04,694.55,>120 Days,20270226
30000339,POWDER COLOUR - E120 RED CARMINE C.,6001,6000,Bakemate,SL02,2027.03.22,Raw Materials,,4.0,1.0,4.0,,1.0,0.004,1653.31,6613.24,>120 Days,20270322
30000342,DAWN SA SPONGE CAKE CONC PLN MB 20K,6001,6000,Bakemate,SL01,2026.02.12,Raw Materials,DAWN FOODS PORTUGAL S.A,157.0,20.0,7.85,,1.0,0.157,12.52,1965.64,Expired,20260212
30000343,DAWN SA SPONGE CAKE CONC CHOC MB RACMB,6001,6000,Bakemate,SL02,2026.03.21,Raw Materials,DAWN FOODS PORTUGAL S.A,20.0,20.0,1.0,,1.0,0.02,20.25,405.0,Expired,20260321
30000343,DAWN SA SPONGE CAKE CONC CHOC MB RACMB,6001,6000,Bakemate,SL01,2026.02.21,Raw Materials,DAWN FOODS PORTUGAL S.A,185.0,20.0,9.25,,1.0,0.185,20.25,3746.25,Expired,20260221
30000344,DAWN SA MAGIC DONUT CONC MB 20K,6001,6000,Bakemate,SL01,2026.06.04,Raw Materials,DAWN FOODS PORTUGAL S.A,60.0,20.0,3.0,,1.0,0.06,20.33,1219.8,Expired,20260604
30000344,DAWN SA MAGIC DONUT CONC MB 20K,6001,6000,Bakemate,SL02,2026.05.19,Raw Materials,DAWN FOODS PORTUGAL S.A,20.0,20.0,1.0,,1.0,0.02,20.33,406.6,Expired,20260519
30000344,DAWN SA MAGIC DONUT CONC MB 20K,6001,6000,Bakemate,SL02,2026.05.10,Raw Materials,DAWN FOODS PORTUGAL S.A,35.0,20.0,1.75,,1.0,0.035,20.33,711.55,Expired,20260510
30000344,DAWN SA MAGIC DONUT CONC MB 20K,6001,6000,Bakemate,SL01,2026.05.19,Raw Materials,DAWN FOODS PORTUGAL S.A,221.5,20.0,11.07,,1.0,0.222,20.33,4503.1,Expired,20260519
30000345,DAWN SA POTATO ROLL CONC MB 20K,6001,6000,Bakemate,SL01,2026.06.02,Raw Materials,DAWN FOODS PORTUGAL S.A,260.0,20.0,13.0,,1.0,0.26,12.11,3148.6,Expired,20260602
30000350,GLUCOSE POWDER,6001,6000,Bakemate,SL02,2027.05.29,Raw Materials,RUE FLAMBEE ITALIAS.R.L,14.54,1.0,14.54,,1.0,0.015,4.2,61.05,>120 Days,20270530
30000351,SUGAR EXTRA FINE,6001,6000,Bakemate,SL02,2031.01.04,Raw Materials,UNITED SUGAR COMPANY,500.0,50.0,10.0,,50.0,25.0,2.51,1255.0,>120 Days,20280105
30000353,PREMIX ROTOX 25%,6001,6000,Bakemate,SL02,2026.04.25,Raw Materials,AB MAURI MIDDLE EAST FZE,319.8,20.0,15.99,,1.0,0.32,32.25,10313.55,Expired,20260426
30000354,ACTIVA PLUS PREMIX 10%,6001,6000,Bakemate,SL02,2026.04.25,Raw Materials,AB MAURI MIDDLE EAST FZE,28.4,20.0,1.42,,1.0,0.028,24.71,701.76,Expired,20260426
30000355,ACTIVA SUPER PREMIX 10%,6001,6000,Bakemate,SL02,2026.04.25,Raw Materials,AB MAURI MIDDLE EAST FZE,148.0,20.0,7.4,,1.0,0.148,38.83,5746.84,Expired,20260426
30000360,LAMEQUICK 7279,6001,6000,Bakemate,SL01,2027.07.16,Raw Materials,AHMAD A. ABED TRADING CO. LTD.,25.0,1.0,25.0,,1.0,0.025,16.15,403.75,>120 Days,20270716
30000361,WHIPPING BASE EDIFETT HWP 037,6001,6000,Bakemate,SL02,2026.12.01,Raw Materials,MEGGLE GMBH & CO. KG,331.0,1.0,331.0,,1.0,0.331,15.75,5213.25,61-90,20261202
30000363,COCOA POWDER D11DL,6001,6000,Bakemate,SL02,2028.01.10,Raw Materials,AHMAD A. ABED TRADING CO. LTD.,2763.45,1.0,2763.45,,1.0,2.763,30.05,83041.7,>120 Days,20280110
30000364,OLIVE OIL,6001,6000,Bakemate,SL02,2027.03.16,Raw Materials,AHMAD A. ABED TRADING CO. LTD.,5.0,1.0,5.0,,1.0,0.005,46.49,232.45,>120 Days,20270316
30000365,EMJEL EP200,6001,6000,Bakemate,SL01,2027.02.13,Raw Materials,EMSLAND STAERKE GMBH,25.0,1.0,25.0,,1.0,0.025,11.12,278.0,>120 Days,20270814
30000366,WHIPPING BASE EDIFETT HWP 014,6001,6000,Bakemate,SL01,2027.09.30,Raw Materials,MEGGLE GMBH & CO. KG,25.0,1.0,25.0,,1.0,0.025,17.99,449.75,>120 Days,20280331
30000367,COCOA BUTTER SUBSTITUTE,6001,6000,Bakemate,SL02,L260143P25,Raw Materials,,24.2,1.0,24.2,,1.0,0.024,14.0,338.8,>120 Days,20280114
30000368,COCOA POWDER DP40,6001,6000,Bakemate,SL02,2027.09.23,Raw Materials,AHMAD A. ABED TRADING CO. LTD.,12.0,1.0,12.0,,1.0,0.012,29.97,359.64,>120 Days,20270923
30000369,CHOCOLATE FLAVOUR (MICRONPLUS),6001,6000,Bakemate,SL02,2028.03.11,Raw Materials,,72.3,1.0,72.3,,1.0,0.072,90.0,6507.18,>120 Days,20280311
30000374,AB MAURI TORTILLA IMP 3.5% 20 KG,6001,6000,Bakemate,SL02,2026.10.31,Raw Materials,GRAIN SILOS (FIRST MILLING COMPANY),9.02,1.0,9.02,,1.0,0.009,30.55,275.56,31-60,20261031
30000376,AB MAURI AB TEC TORTILLA ACIDS 20KG,6001,6000,Bakemate,SL01,2026.10.31,Raw Materials,GRAIN SILOS (FIRST MILLING COMPANY),4.92,1.0,4.92,,20.0,0.098,40.11,197.18,31-60,20261031
30000379,AB MAURI SOFT MOUTH PRO 0.5% 10KG,6001,6000,Bakemate,SL02,2026.10.31,Raw Materials,AB MAURI SOUTH WEST ASIA PTY. LTD.,10.0,1.0,10.0,,10.0,0.1,37.73,377.3,>120 Days,20271031
30000379,AB MAURI SOFT MOUTH PRO 0.5% 10KG,6001,6000,Bakemate,SL02,2027.06.19,Raw Materials,AB MAURI SOUTH WEST ASIA PTY. LTD.,750.0,1.0,750.0,,10.0,7.5,37.73,28297.5,>120 Days,20280617
30000380,BARLEY FLOUR,6001,6000,Bakemate,SL02,2026.09.24,Raw Materials,,8.19,1.0,8.19,,1.0,0.008,3.0,24.57,Expired,20260925
30000380,BARLEY FLOUR,6001,6000,Bakemate,SL02,2027.08.27,Raw Materials,,70.0,1.0,70.0,,1.0,0.07,3.0,210.0,>120 Days,20270828
50000619,PRINTED AB MAURI BAG 10KG,6001,6000,Bakemate,SL02,RM,NON FOOD OTHERS,,120.0,1.0,120.0,,0.01,0.001,3.16,379.2,>120 Days,00000000
20000003,BM RAMCO CHOCO CAKE MIX 10KG,6002,6000,Warehouse,SL02,176.26,Finished Goods,AHMAD A. ABED FACTORY,46.0,1.0,46.0,,10.0,0.46,80.26,3691.96,>120 Days,20280814
20000003,BM RAMCO CHOCO CAKE MIX 10KG,6002,6000,Warehouse,SL02,175.26,Finished Goods,AHMAD A. ABED FACTORY,54.0,1.0,54.0,,10.0,0.54,80.26,4334.04,>120 Days,20280814
20000004,BM RAMCO CHOCO CAKE MIX 1KG,6002,6000,Warehouse,SL02,RM73,Finished Goods,AHMAD A. ABED FACTORY,98.0,1.0,98.0,,1.0,0.098,9.47,928.06,>120 Days,20270523
20000004,BM RAMCO CHOCO CAKE MIX 1KG,6002,6000,Warehouse,SL01,RM165,Finished Goods,AHMAD A. ABED FACTORY,217.0,1.0,217.0,,1.0,0.217,9.47,2054.99,>120 Days,20280817
20000004,BM RAMCO CHOCO CAKE MIX 1KG,6002,6000,Warehouse,SL01,RM164,Finished Goods,AHMAD A. ABED FACTORY,750.0,1.0,750.0,,1.0,0.75,9.47,7102.5,>120 Days,20280817
20000004,BM RAMCO CHOCO CAKE MIX 1KG,6002,6000,Warehouse,SL01,RM137,Finished Goods,AHMAD A. ABED FACTORY,33.0,1.0,33.0,,1.0,0.033,9.47,312.51,>120 Days,20280817
20000004,BM RAMCO CHOCO CAKE MIX 1KG,6002,6000,Warehouse,SL02,RM127,Finished Goods,AHMAD A. ABED FACTORY,648.0,1.0,648.0,,1.0,0.648,9.47,6136.56,>120 Days,20270930
20000004,BM RAMCO CHOCO CAKE MIX 1KG,6002,6000,Warehouse,SL02,RM 73,Finished Goods,AHMAD A. ABED FACTORY,240.0,1.0,240.0,,1.0,0.24,9.47,2272.8,>120 Days,20280520
20000004,BM RAMCO CHOCO CAKE MIX 1KG,6002,6000,Warehouse,SL02,RM137,Finished Goods,AHMAD A. ABED FACTORY,352.0,1.0,352.0,,1.0,0.352,9.47,3333.44,>120 Days,20280817
20000005,BM RAMCO VANILLA CAKE MIX 10KG,6002,6000,Warehouse,SL02,261.26,Finished Goods,AHMAD A. ABED FACTORY,75.0,1.0,75.0,,10.0,0.75,56.17,4212.75,>120 Days,20280624
20000005,BM RAMCO VANILLA CAKE MIX 10KG,6002,6000,Warehouse,SL02,262.26,Finished Goods,AHMAD A. ABED FACTORY,75.0,1.0,75.0,,10.0,0.75,56.17,4212.75,>120 Days,20280624
20000006,BM BAKEPAN SOFT 10KG,6002,6000,Warehouse,SL02,61.26,Finished Goods,AHMAD A. ABED FACTORY,22.0,1.0,22.0,,10.0,0.22,31.59,694.98,>120 Days,20280808
20000010,BM BEX BAKING POWDER 100G,6002,6000,Warehouse,SL02,RM1540,Finished Goods,AHMAD A. ABED FACTORY,5400.0,54.0,100.0,,0.1,0.54,2.25,12150.0,>120 Days,20271212
20000010,BM BEX BAKING POWDER 100G,6002,6000,Warehouse,SL02,RM1552,Finished Goods,AHMAD A. ABED FACTORY,5400.0,54.0,100.0,,0.1,0.54,2.25,12150.0,>120 Days,20271212
20000010,BM BEX BAKING POWDER 100G,6002,6000,Warehouse,SL02,RM176,Finished Goods,AHMAD A. ABED FACTORY,5400.0,54.0,100.0,,0.1,0.54,2.25,12150.0,>120 Days,20270907
20000010,BM BEX BAKING POWDER 100G,6002,6000,Warehouse,SL02,RM177,Finished Goods,AHMAD A. ABED FACTORY,2700.0,54.0,50.0,,0.1,0.27,2.25,6075.0,>120 Days,20270907
20000010,BM BEX BAKING POWDER 100G,6002,6000,Warehouse,SL02,RM248,Finished Goods,AHMAD A. ABED FACTORY,2700.0,54.0,50.0,,0.1,0.27,2.25,6075.0,>120 Days,20270907
20000010,BM BEX BAKING POWDER 100G,6002,6000,Warehouse,SL02,RM252,Finished Goods,AHMAD A. ABED FACTORY,2700.0,54.0,50.0,,0.1,0.27,2.25,6075.0,>120 Days,20270907
20000010,BM BEX BAKING POWDER 100G,6002,6000,Warehouse,SL02,RM253,Finished Goods,AHMAD A. ABED FACTORY,2160.0,54.0,40.0,,0.1,0.216,2.25,4860.0,>120 Days,20270907
20000010,BM BEX BAKING POWDER 100G,6002,6000,Warehouse,SL02,RM254,Finished Goods,AHMAD A. ABED FACTORY,2700.0,54.0,50.0,,0.1,0.27,2.25,6075.0,>120 Days,20270907
20000011,BM BEX BAKING POWDER 10KG,6002,6000,Warehouse,SL02,RM1791,Finished Goods,,100.0,1.0,100.0,,10.0,1.0,35.71,3571.0,>120 Days,20280816
20000012,BM BEX BAKING POWDER 1KG,6002,6000,Warehouse,SL02,RM1779,Finished Goods,AHMAD A. ABED FACTORY,72.0,8.0,9.0,,1.0,0.072,6.25,450.0,>120 Days,20280815
20000012,BM BEX BAKING POWDER 1KG,6002,6000,Warehouse,SL02,RM1781,Finished Goods,AHMAD A. ABED FACTORY,544.0,8.0,68.0,,1.0,0.544,6.25,3400.0,>120 Days,20280815
20000012,BM BEX BAKING POWDER 1KG,6002,6000,Warehouse,SL02,RM1782,Finished Goods,AHMAD A. ABED FACTORY,576.0,8.0,72.0,,1.0,0.576,6.25,3600.0,>120 Days,20280815
20000012,BM BEX BAKING POWDER 1KG,6002,6000,Warehouse,SL02,RM1783,Finished Goods,AHMAD A. ABED FACTORY,576.0,8.0,72.0,,1.0,0.576,6.25,3600.0,>120 Days,20280815
20000012,BM BEX BAKING POWDER 1KG,6002,6000,Warehouse,SL02,RM1785,Finished Goods,AHMAD A. ABED FACTORY,576.0,8.0,72.0,,1.0,0.576,6.25,3600.0,>120 Days,20280815
20000012,BM BEX BAKING POWDER 1KG,6002,6000,Warehouse,SL02,RM1787,Finished Goods,AHMAD A. ABED FACTORY,576.0,8.0,72.0,,1.0,0.576,6.25,3600.0,>120 Days,20280815
20000012,BM BEX BAKING POWDER 1KG,6002,6000,Warehouse,SL02,RM1790,Finished Goods,AHMAD A. ABED FACTORY,576.0,8.0,72.0,,1.0,0.576,6.25,3600.0,>120 Days,20280815
20000013,BM BEX BAKING POWDER 25KG,6002,6000,Warehouse,SL02,1780.26,Finished Goods,AHMAD A. ABED FACTORY,30.0,1.0,30.0,,25.0,0.75,93.09,2792.7,>120 Days,20280810
20000013,BM BEX BAKING POWDER 25KG,6002,6000,Warehouse,SL02,1776.26,Finished Goods,AHMAD A. ABED FACTORY,20.0,1.0,20.0,,25.0,0.5,93.09,1861.8,>120 Days,20280210
20000013,BM BEX BAKING POWDER 25KG,6002,6000,Warehouse,SL02,1775.26,Finished Goods,AHMAD A. ABED FACTORY,80.0,1.0,80.0,,25.0,2.0,93.09,7447.2,>120 Days,20280210
20000013,BM BEX BAKING POWDER 25KG,6002,6000,Warehouse,SL02,1774.26,Finished Goods,AHMAD A. ABED FACTORY,30.0,1.0,30.0,,25.0,0.75,93.09,2792.7,>120 Days,20280810
20000013,BM BEX BAKING POWDER 25KG,6002,6000,Warehouse,SL02,1773.26,Finished Goods,AHMAD A. ABED FACTORY,30.0,1.0,30.0,,25.0,0.75,93.09,2792.7,>120 Days,20280810
20000013,BM BEX BAKING POWDER 25KG,6002,6000,Warehouse,SL02,1772.26,Finished Goods,AHMAD A. ABED FACTORY,30.0,1.0,30.0,,25.0,0.75,93.09,2792.7,>120 Days,20280810
20000013,BM BEX BAKING POWDER 25KG,6002,6000,Warehouse,SL02,1771.26,Finished Goods,AHMAD A. ABED FACTORY,10.0,1.0,10.0,,25.0,0.25,93.09,930.9,>120 Days,20280810
20000013,BM BEX BAKING POWDER 25KG,6002,6000,Warehouse,SL02,1770.26,Finished Goods,AHMAD A. ABED FACTORY,20.0,1.0,20.0,,25.0,0.5,93.09,1861.8,>120 Days,20280810
20000013,BM BEX BAKING POWDER 25KG,6002,6000,Warehouse,SL02,1769.26,Finished Goods,AHMAD A. ABED FACTORY,30.0,1.0,30.0,,25.0,0.75,93.09,2792.7,>120 Days,20280810
20000013,BM BEX BAKING POWDER 25KG,6002,6000,Warehouse,SL02,1768.26,Finished Goods,AHMAD A. ABED FACTORY,30.0,1.0,30.0,,25.0,0.75,93.09,2792.7,>120 Days,20280810
20000013,BM BEX BAKING POWDER 25KG,6002,6000,Warehouse,SL02,1767.26,Finished Goods,AHMAD A. ABED FACTORY,30.0,1.0,30.0,,25.0,0.75,93.09,2792.7,>120 Days,20280810
20000013,BM BEX BAKING POWDER 25KG,6002,6000,Warehouse,SL02,1766.26,Finished Goods,AHMAD A. ABED FACTORY,30.0,1.0,30.0,,25.0,0.75,93.09,2792.7,>120 Days,20280728
20000013,BM BEX BAKING POWDER 25KG,6002,6000,Warehouse,SL02,1765.26,Finished Goods,AHMAD A. ABED FACTORY,30.0,1.0,30.0,,25.0,0.75,93.09,2792.7,>120 Days,20280810
20000013,BM BEX BAKING POWDER 25KG,6002,6000,Warehouse,SL02,1764.26,Finished Goods,AHMAD A. ABED FACTORY,30.0,1.0,30.0,,25.0,0.75,93.09,2792.7,>120 Days,20280810
20000013,BM BEX BAKING POWDER 25KG,6002,6000,Warehouse,SL02,1763.26,Finished Goods,AHMAD A. ABED FACTORY,30.0,1.0,30.0,,25.0,0.75,93.09,2792.7,>120 Days,20280810
20000013,BM BEX BAKING POWDER 25KG,6002,6000,Warehouse,SL02,1762.26,Finished Goods,AHMAD A. ABED FACTORY,30.0,1.0,30.0,,25.0,0.75,93.09,2792.7,>120 Days,20280810
20000013,BM BEX BAKING POWDER 25KG,6002,6000,Warehouse,SL02,1761.26,Finished Goods,AHMAD A. ABED FACTORY,30.0,1.0,30.0,,25.0,0.75,93.09,2792.7,>120 Days,20280810
20000013,BM BEX BAKING POWDER 25KG,6002,6000,Warehouse,SL02,1760.26,Finished Goods,AHMAD A. ABED FACTORY,30.0,1.0,30.0,,25.0,0.75,93.09,2792.7,>120 Days,20280810
20000013,BM BEX BAKING POWDER 25KG,6002,6000,Warehouse,SL02,1759.26,Finished Goods,AHMAD A. ABED FACTORY,30.0,1.0,30.0,,25.0,0.75,93.09,2792.7,>120 Days,20280810
20000013,BM BEX BAKING POWDER 25KG,6002,6000,Warehouse,SL02,476.26,Finished Goods,AHMAD A. ABED FACTORY,20.0,1.0,20.0,,25.0,0.5,93.09,1861.8,>120 Days,20271004
20000013,BM BEX BAKING POWDER 25KG,6002,6000,Warehouse,SL02,477.26,Finished Goods,AHMAD A. ABED FACTORY,20.0,1.0,20.0,,25.0,0.5,93.09,1861.8,>120 Days,20271004
20000013,BM BEX BAKING POWDER 25KG,6002,6000,Warehouse,SL02,513.26,Finished Goods,AHMAD A. ABED FACTORY,30.0,1.0,30.0,,25.0,0.75,93.09,2792.7,>120 Days,20271022
20000013,BM BEX BAKING POWDER 25KG,6002,6000,Warehouse,SL02,514.26,Finished Goods,AHMAD A. ABED FACTORY,30.0,1.0,30.0,,25.0,0.75,93.09,2792.7,>120 Days,20271022
20000013,BM BEX BAKING POWDER 25KG,6002,6000,Warehouse,SL02,515.26,Finished Goods,AHMAD A. ABED FACTORY,20.0,1.0,20.0,,25.0,0.5,93.09,1861.8,>120 Days,20271022
20000021,DAWN BROWNIE MIX 1KG,6002,6000,Warehouse,SL02,RM327,Finished Goods,AHMAD A. ABED FACTORY,800.0,1.0,800.0,,1.0,0.8,12.89,10312.0,>120 Days,20280818
20000021,DAWN BROWNIE MIX 1KG,6002,6000,Warehouse,SKEG,RM625,Finished Goods,AHMAD A. ABED FACTORY,21.0,1.0,21.0,,1.0,0.021,12.89,270.69,Expired,20260707
20000026,BM CHOCOLATE CUP CAKE MIX 10KG,6002,6000,Warehouse,SL02,5.26,Finished Goods,,50.0,1.0,50.0,,10.0,0.5,53.72,2686.0,>120 Days,20280815
20000027,BM CHOCOLATE CUP CAKE MIX 1KG,6002,6000,Warehouse,SL02,01.25,Finished Goods,,12.0,1.0,12.0,,1.0,0.012,7.37,88.44,>120 Days,20270418
20000028,BM CHOCOLATE MUFFIN MIX 10KG,6002,6000,Warehouse,SL02,124.26,Finished Goods,AHMAD A. ABED FACTORY,22.0,1.0,22.0,,10.0,0.22,55.24,1215.28,>120 Days,20280814
20000028,BM CHOCOLATE MUFFIN MIX 10KG,6002,6000,Warehouse,SL02,125.26,Finished Goods,AHMAD A. ABED FACTORY,50.0,1.0,50.0,,10.0,0.5,55.24,2762.0,>120 Days,20280814
20000037,BM CORN STARCH 1KG,6002,6000,Warehouse,SL02,RM927,Finished Goods,AHMAD A. ABED FACTORY,10.0,1.0,10.0,,1.0,0.01,2.43,24.3,>120 Days,20270517
20000040,BM CREAM CARAMEL MIX 1KG,6002,6000,Warehouse,SL02,50.26,Finished Goods,AHMAD A. ABED FACTORY,280.0,1.0,280.0,,1.0,0.28,10.74,3007.2,>120 Days,20280811
20000041,BM CREAM CHANTILLE TOP TOP 10KG,6002,6000,Warehouse,SL02,1534.26,Finished Goods,AHMAD A. ABED FACTORY,75.0,1.0,75.0,,10.0,0.75,89.31,6698.25,>120 Days,20280511
20000041,BM CREAM CHANTILLE TOP TOP 10KG,6002,6000,Warehouse,SL02,1533.26,Finished Goods,AHMAD A. ABED FACTORY,75.0,1.0,75.0,,10.0,0.75,89.31,6698.25,>120 Days,20280511
20000041,BM CREAM CHANTILLE TOP TOP 10KG,6002,6000,Warehouse,SL02,1532.26,Finished Goods,AHMAD A. ABED FACTORY,75.0,1.0,75.0,,10.0,0.75,89.31,6698.25,>120 Days,20280511
20000041,BM CREAM CHANTILLE TOP TOP 10KG,6002,6000,Warehouse,SL02,1531.26,Finished Goods,AHMAD A. ABED FACTORY,75.0,1.0,75.0,,10.0,0.75,89.31,6698.25,>120 Days,20280511
20000041,BM CREAM CHANTILLE TOP TOP 10KG,6002,6000,Warehouse,SL02,1525.26,Finished Goods,AHMAD A. ABED FACTORY,75.0,1.0,75.0,,10.0,0.75,89.31,6698.25,>120 Days,20280511
20000041,BM CREAM CHANTILLE TOP TOP 10KG,6002,6000,Warehouse,SL02,1524.26,Finished Goods,AHMAD A. ABED FACTORY,75.0,1.0,75.0,,10.0,0.75,89.31,6698.25,>120 Days,20280511
20000041,BM CREAM CHANTILLE TOP TOP 10KG,6002,6000,Warehouse,SL02,1523.26,Finished Goods,AHMAD A. ABED FACTORY,75.0,1.0,75.0,,10.0,0.75,89.31,6698.25,>120 Days,20280511
20000041,BM CREAM CHANTILLE TOP TOP 10KG,6002,6000,Warehouse,SL02,1522.26,Finished Goods,AHMAD A. ABED FACTORY,75.0,1.0,75.0,,10.0,0.75,89.31,6698.25,>120 Days,20280511
20000041,BM CREAM CHANTILLE TOP TOP 10KG,6002,6000,Warehouse,SL02,1521.26,Finished Goods,AHMAD A. ABED FACTORY,75.0,1.0,75.0,,10.0,0.75,89.31,6698.25,>120 Days,20280511
20000041,BM CREAM CHANTILLE TOP TOP 10KG,6002,6000,Warehouse,SL02,1536.26,Finished Goods,AHMAD A. ABED FACTORY,25.0,1.0,25.0,,10.0,0.25,89.31,2232.75,>120 Days,20280511
20000041,BM CREAM CHANTILLE TOP TOP 10KG,6002,6000,Warehouse,SL02,1537.26,Finished Goods,AHMAD A. ABED FACTORY,75.0,1.0,75.0,,10.0,0.75,89.31,6698.25,>120 Days,20280511
20000041,BM CREAM CHANTILLE TOP TOP 10KG,6002,6000,Warehouse,SL02,1538.26,Finished Goods,AHMAD A. ABED FACTORY,75.0,1.0,75.0,,10.0,0.75,89.31,6698.25,>120 Days,20280511
20000041,BM CREAM CHANTILLE TOP TOP 10KG,6002,6000,Warehouse,SL02,1539.26,Finished Goods,AHMAD A. ABED FACTORY,75.0,1.0,75.0,,10.0,0.75,89.31,6698.25,>120 Days,20280511
20000041,BM CREAM CHANTILLE TOP TOP 10KG,6002,6000,Warehouse,SL02,1540.26,Finished Goods,AHMAD A. ABED FACTORY,75.0,1.0,75.0,,10.0,0.75,89.31,6698.25,>120 Days,20280511
20000041,BM CREAM CHANTILLE TOP TOP 10KG,6002,6000,Warehouse,SL02,1541.26,Finished Goods,AHMAD A. ABED FACTORY,75.0,1.0,75.0,,10.0,0.75,89.31,6698.25,>120 Days,20280511
20000041,BM CREAM CHANTILLE TOP TOP 10KG,6002,6000,Warehouse,SL02,1542.26,Finished Goods,AHMAD A. ABED FACTORY,75.0,1.0,75.0,,10.0,0.75,89.31,6698.25,>120 Days,20280511
20000041,BM CREAM CHANTILLE TOP TOP 10KG,6002,6000,Warehouse,SL02,1543.26,Finished Goods,AHMAD A. ABED FACTORY,28.0,1.0,28.0,,10.0,0.28,89.31,2500.68,>120 Days,20280511
20000041,BM CREAM CHANTILLE TOP TOP 10KG,6002,6000,Warehouse,SL02,1884.26,Finished Goods,AHMAD A. ABED FACTORY,45.0,1.0,45.0,,10.0,0.45,89.31,4018.95,>120 Days,20280902
20000041,BM CREAM CHANTILLE TOP TOP 10KG,6002,6000,Warehouse,SL02,1885.26,Finished Goods,AHMAD A. ABED FACTORY,45.0,1.0,45.0,,10.0,0.45,89.31,4018.95,>120 Days,20290902
20000041,BM CREAM CHANTILLE TOP TOP 10KG,6002,6000,Warehouse,SL02,1886.26,Finished Goods,AHMAD A. ABED FACTORY,45.0,1.0,45.0,,10.0,0.45,89.31,4018.95,>120 Days,20300903
20000041,BM CREAM CHANTILLE TOP TOP 10KG,6002,6000,Warehouse,SL02,1887.26,Finished Goods,AHMAD A. ABED FACTORY,45.0,1.0,45.0,,10.0,0.45,89.31,4018.95,>120 Days,20310903
20000041,BM CREAM CHANTILLE TOP TOP 10KG,6002,6000,Warehouse,SL02,1888.26,Finished Goods,AHMAD A. ABED FACTORY,45.0,1.0,45.0,,10.0,0.45,89.31,4018.95,>120 Days,20320902
20000041,BM CREAM CHANTILLE TOP TOP 10KG,6002,6000,Warehouse,SL02,1889.26,Finished Goods,AHMAD A. ABED FACTORY,45.0,1.0,45.0,,10.0,0.45,89.31,4018.95,>120 Days,20330902
20000041,BM CREAM CHANTILLE TOP TOP 10KG,6002,6000,Warehouse,SL02,1890.26,Finished Goods,AHMAD A. ABED FACTORY,30.0,1.0,30.0,,10.0,0.3,89.31,2679.3,>120 Days,20340903
20000041,BM CREAM CHANTILLE TOP TOP 10KG,6002,6000,Warehouse,SL02,1520.26,Finished Goods,AHMAD A. ABED FACTORY,75.0,1.0,75.0,,10.0,0.75,89.31,6698.25,>120 Days,20280511
20000041,BM CREAM CHANTILLE TOP TOP 10KG,6002,6000,Warehouse,SL02,1519.26,Finished Goods,AHMAD A. ABED FACTORY,75.0,1.0,75.0,,10.0,0.75,89.31,6698.25,>120 Days,20280511
20000041,BM CREAM CHANTILLE TOP TOP 10KG,6002,6000,Warehouse,SL02,1518.26,Finished Goods,AHMAD A. ABED FACTORY,75.0,1.0,75.0,,10.0,0.75,89.31,6698.25,>120 Days,20280511
20000041,BM CREAM CHANTILLE TOP TOP 10KG,6002,6000,Warehouse,SL02,1513.26,Finished Goods,AHMAD A. ABED FACTORY,75.0,1.0,75.0,,10.0,0.75,89.31,6698.25,>120 Days,20280511
20000041,BM CREAM CHANTILLE TOP TOP 10KG,6002,6000,Warehouse,SL02,1514.26,Finished Goods,AHMAD A. ABED FACTORY,75.0,1.0,75.0,,10.0,0.75,89.31,6698.25,>120 Days,20280511
20000041,BM CREAM CHANTILLE TOP TOP 10KG,6002,6000,Warehouse,SL02,1517.26,Finished Goods,AHMAD A. ABED FACTORY,75.0,1.0,75.0,,10.0,0.75,89.31,6698.25,>120 Days,20280511
20000041,BM CREAM CHANTILLE TOP TOP 10KG,6002,6000,Warehouse,SL02,1516.26,Finished Goods,AHMAD A. ABED FACTORY,75.0,1.0,75.0,,10.0,0.75,89.31,6698.25,>120 Days,20280511
20000041,BM CREAM CHANTILLE TOP TOP 10KG,6002,6000,Warehouse,SL02,1515.26,Finished Goods,AHMAD A. ABED FACTORY,75.0,1.0,75.0,,10.0,0.75,89.31,6698.25,>120 Days,20280511
20000044,BM CREPE MIX 1KG,6002,6000,Warehouse,SL02,RM21,Finished Goods,AHMAD A. ABED FACTORY,120.0,1.0,120.0,,1.0,0.12,5.84,700.8,>120 Days,20271019
20000044,BM CREPE MIX 1KG,6002,6000,Warehouse,SL02,RM23,Finished Goods,AHMAD A. ABED FACTORY,120.0,1.0,120.0,,1.0,0.12,5.84,700.8,>120 Days,20271117
20000044,BM CREPE MIX 1KG,6002,6000,Warehouse,SL02,RM28,Finished Goods,AHMAD A. ABED FACTORY,500.0,1.0,500.0,,1.0,0.5,5.84,2920.0,>120 Days,20280814
20000048,BM DELUXE HI-SPONGE CAKE  10KG,6002,6000,Warehouse,SL02,125.26,Finished Goods,AHMAD A. ABED FACTORY,50.0,1.0,50.0,,10.0,0.5,74.64,3732.0,>120 Days,20271113
20000048,BM DELUXE HI-SPONGE CAKE  10KG,6002,6000,Warehouse,SL02,126.26,Finished Goods,AHMAD A. ABED FACTORY,10.0,1.0,10.0,,10.0,0.1,74.64,746.4,>120 Days,20271113
20000049,BM DOUGH HAMMER SOFT 10KG,6002,6000,Warehouse,SL02,851.26,Finished Goods,AHMAD A. ABED FACTORY,50.0,1.0,50.0,,10.0,0.5,26.63,1331.5,>120 Days,20280901
20000049,BM DOUGH HAMMER SOFT 10KG,6002,6000,Warehouse,SL02,850.26,Finished Goods,AHMAD A. ABED FACTORY,50.0,1.0,50.0,,10.0,0.5,26.63,1331.5,>120 Days,20280901
20000049,BM DOUGH HAMMER SOFT 10KG,6002,6000,Warehouse,SL02,849.26,Finished Goods,AHMAD A. ABED FACTORY,50.0,1.0,50.0,,10.0,0.5,26.63,1331.5,>120 Days,20280901
20000049,BM DOUGH HAMMER SOFT 10KG,6002,6000,Warehouse,SL02,848.26,Finished Goods,AHMAD A. ABED FACTORY,50.0,1.0,50.0,,10.0,0.5,26.63,1331.5,>120 Days,20280901
20000049,BM DOUGH HAMMER SOFT 10KG,6002,6000,Warehouse,SL02,847.26,Finished Goods,AHMAD A. ABED FACTORY,50.0,1.0,50.0,,10.0,0.5,26.63,1331.5,>120 Days,20280901
20000049,BM DOUGH HAMMER SOFT 10KG,6002,6000,Warehouse,SL02,846.26,Finished Goods,AHMAD A. ABED FACTORY,50.0,1.0,50.0,,10.0,0.5,26.63,1331.5,>120 Days,20280901
20000049,BM DOUGH HAMMER SOFT 10KG,6002,6000,Warehouse,SL02,845.26,Finished Goods,AHMAD A. ABED FACTORY,50.0,1.0,50.0,,10.0,0.5,26.63,1331.5,>120 Days,20280901
20000049,BM DOUGH HAMMER SOFT 10KG,6002,6000,Warehouse,SL02,844.26,Finished Goods,AHMAD A. ABED FACTORY,50.0,1.0,50.0,,10.0,0.5,26.63,1331.5,>120 Days,20280901
20000049,BM DOUGH HAMMER SOFT 10KG,6002,6000,Warehouse,SL02,526.26,Finished Goods,AHMAD A. ABED FACTORY,25.0,1.0,25.0,,10.0,0.25,26.63,665.75,>120 Days,20270512
20000049,BM DOUGH HAMMER SOFT 10KG,6002,6000,Warehouse,SL02,525.26,Finished Goods,AHMAD A. ABED FACTORY,45.0,1.0,45.0,,10.0,0.45,26.63,1198.35,>120 Days,20270512
20000049,BM DOUGH HAMMER SOFT 10KG,6002,6000,Warehouse,SL02,524.26,Finished Goods,AHMAD A. ABED FACTORY,45.0,1.0,45.0,,10.0,0.45,26.63,1198.35,>120 Days,20270512
20000049,BM DOUGH HAMMER SOFT 10KG,6002,6000,Warehouse,SL02,518.26,Finished Goods,AHMAD A. ABED FACTORY,45.0,1.0,45.0,,10.0,0.45,26.63,1198.35,>120 Days,20270512
20000050,BM DOUGH HAMMER SOFT 25KG,6002,6000,Warehouse,SL02,997.25,Finished Goods,AHMAD A. ABED FACTORY,8.0,1.0,8.0,,25.0,0.2,73.9,591.2,>120 Days,20270407
20000050,BM DOUGH HAMMER SOFT 25KG,6002,6000,Warehouse,SKEG,837.25,Finished Goods,AHMAD A. ABED FACTORY,17.0,1.0,17.0,,25.0,0.425,73.9,1256.3,Expired,20260808
20000050,BM DOUGH HAMMER SOFT 25KG,6002,6000,Warehouse,SL02,805.26,Finished Goods,AHMAD A. ABED FACTORY,2.0,1.0,2.0,,25.0,0.05,73.9,147.8,91-120,20270104
20000050,BM DOUGH HAMMER SOFT 25KG,6002,6000,Warehouse,SKEG,794.26,Finished Goods,AHMAD A. ABED FACTORY,9.0,1.0,9.0,,25.0,0.225,73.9,665.1,Expired,20260808
20000050,BM DOUGH HAMMER SOFT 25KG,6002,6000,Warehouse,SKEG,793.26,Finished Goods,AHMAD A. ABED FACTORY,18.0,1.0,18.0,,25.0,0.45,73.9,1330.2,Expired,20260808
20000050,BM DOUGH HAMMER SOFT 25KG,6002,6000,Warehouse,SL02,792.26,Finished Goods,AHMAD A. ABED FACTORY,18.0,1.0,18.0,,25.0,0.45,73.9,1330.2,>120 Days,20280102
20000050,BM DOUGH HAMMER SOFT 25KG,6002,6000,Warehouse,SL02,791.26,Finished Goods,AHMAD A. ABED FACTORY,18.0,1.0,18.0,,25.0,0.45,73.9,1330.2,>120 Days,20280102
20000050,BM DOUGH HAMMER SOFT 25KG,6002,6000,Warehouse,SL02,790.26,Finished Goods,AHMAD A. ABED FACTORY,18.0,1.0,18.0,,25.0,0.45,73.9,1330.2,>120 Days,20280102
20000050,BM DOUGH HAMMER SOFT 25KG,6002,6000,Warehouse,SL02,789.26,Finished Goods,AHMAD A. ABED FACTORY,18.0,1.0,18.0,,25.0,0.45,73.9,1330.2,>120 Days,20280102
20000050,BM DOUGH HAMMER SOFT 25KG,6002,6000,Warehouse,SL02,547.26,Finished Goods,AHMAD A. ABED FACTORY,18.0,1.0,18.0,,25.0,0.45,73.9,1330.2,>120 Days,20271113
20000050,BM DOUGH HAMMER SOFT 25KG,6002,6000,Warehouse,SL02,546.26,Finished Goods,AHMAD A. ABED FACTORY,18.0,1.0,18.0,,25.0,0.45,73.9,1330.2,>120 Days,20271113
20000050,BM DOUGH HAMMER SOFT 25KG,6002,6000,Warehouse,SL02,545.26,Finished Goods,AHMAD A. ABED FACTORY,18.0,1.0,18.0,,25.0,0.45,73.9,1330.2,>120 Days,20271113
20000050,BM DOUGH HAMMER SOFT 25KG,6002,6000,Warehouse,SL02,544.26,Finished Goods,AHMAD A. ABED FACTORY,18.0,1.0,18.0,,25.0,0.45,73.9,1330.2,>120 Days,20271113
20000050,BM DOUGH HAMMER SOFT 25KG,6002,6000,Warehouse,SL02,543.26,Finished Goods,AHMAD A. ABED FACTORY,4.0,1.0,4.0,,25.0,0.1,73.9,295.6,>120 Days,20271113
20000050,BM DOUGH HAMMER SOFT 25KG,6002,6000,Warehouse,SL02,538.26,Finished Goods,AHMAD A. ABED FACTORY,18.0,1.0,18.0,,25.0,0.45,73.9,1330.2,>120 Days,20271113
20000050,BM DOUGH HAMMER SOFT 25KG,6002,6000,Warehouse,SL02,537.26,Finished Goods,AHMAD A. ABED FACTORY,18.0,1.0,18.0,,25.0,0.45,73.9,1330.2,>120 Days,20271113
20000050,BM DOUGH HAMMER SOFT 25KG,6002,6000,Warehouse,SL02,536.26,Finished Goods,AHMAD A. ABED FACTORY,18.0,1.0,18.0,,25.0,0.45,73.9,1330.2,>120 Days,20271113
20000050,BM DOUGH HAMMER SOFT 25KG,6002,6000,Warehouse,SL02,531.26,Finished Goods,AHMAD A. ABED FACTORY,18.0,1.0,18.0,,25.0,0.45,73.9,1330.2,>120 Days,20271113
20000050,BM DOUGH HAMMER SOFT 25KG,6002,6000,Warehouse,SL02,530.26,Finished Goods,AHMAD A. ABED FACTORY,18.0,1.0,18.0,,25.0,0.45,73.9,1330.2,>120 Days,20271113
20000050,BM DOUGH HAMMER SOFT 25KG,6002,6000,Warehouse,SL02,529.26,Finished Goods,AHMAD A. ABED FACTORY,18.0,1.0,18.0,,25.0,0.45,73.9,1330.2,>120 Days,20271113
20000050,BM DOUGH HAMMER SOFT 25KG,6002,6000,Warehouse,SL02,528.26,Finished Goods,AHMAD A. ABED FACTORY,18.0,1.0,18.0,,25.0,0.45,73.9,1330.2,>120 Days,20271113
20000050,BM DOUGH HAMMER SOFT 25KG,6002,6000,Warehouse,SL02,527.26,Finished Goods,AHMAD A. ABED FACTORY,18.0,1.0,18.0,,25.0,0.45,73.9,1330.2,>120 Days,20271113
20000052,BM ENGLISH CAKE MIX 10KG,6002,6000,Warehouse,SL02,177.26,Finished Goods,AHMAD A. ABED FACTORY,45.0,1.0,45.0,,10.0,0.45,39.45,1775.25,>120 Days,20280916
20000052,BM ENGLISH CAKE MIX 10KG,6002,6000,Warehouse,SL02,178.26,Finished Goods,AHMAD A. ABED FACTORY,35.0,1.0,35.0,,10.0,0.35,39.45,1380.75,>120 Days,20280916
20000053,BM ENGLISH CAKE MIX 1KG,6002,6000,Warehouse,SL02,RM179.26,Finished Goods,AHMAD A. ABED FACTORY,500.0,1.0,500.0,,1.0,0.5,4.72,2360.0,>120 Days,20280319
20000053,BM ENGLISH CAKE MIX 1KG,6002,6000,Warehouse,SL02,RM180.26,Finished Goods,AHMAD A. ABED FACTORY,460.0,1.0,460.0,,1.0,0.46,4.72,2171.2,>120 Days,20280319
20000054,BM FRESH CHEESE CAKE PREMIX 1KG,6002,6000,Warehouse,SKEG,RM125,Finished Goods,,162.0,1.0,162.0,,1.0,0.162,34.35,5564.7,Expired,20260301
20000061,BM GLYCERINE 1L,6002,6000,Warehouse,SL02,RM626,Finished Goods,AHMAD A. ABED FACTORY,200.0,1.0,200.0,,1.0,0.2,15.43,3086.0,>120 Days,20270623
20000063,BM HEART  DREAM 7 STAR SPONGE CAKE 10KG,6002,6000,Warehouse,SL02,993.25,Finished Goods,AHMAD A. ABED FACTORY,45.0,1.0,45.0,,10.0,0.45,46.92,2111.4,>120 Days,20270601
20000063,BM HEART  DREAM 7 STAR SPONGE CAKE 10KG,6002,6000,Warehouse,SL02,992.25,Finished Goods,AHMAD A. ABED FACTORY,50.0,1.0,50.0,,10.0,0.5,46.92,2346.0,>120 Days,20270601
20000063,BM HEART  DREAM 7 STAR SPONGE CAKE 10KG,6002,6000,Warehouse,SL02,991.25,Finished Goods,AHMAD A. ABED FACTORY,45.0,1.0,45.0,,10.0,0.45,46.92,2111.4,>120 Days,20270601
20000063,BM HEART  DREAM 7 STAR SPONGE CAKE 10KG,6002,6000,Warehouse,SL02,939.26,Finished Goods,AHMAD A. ABED FACTORY,40.0,1.0,40.0,,10.0,0.4,46.92,1876.8,>120 Days,20280831
20000063,BM HEART  DREAM 7 STAR SPONGE CAKE 10KG,6002,6000,Warehouse,SL02,938.26,Finished Goods,AHMAD A. ABED FACTORY,45.0,1.0,45.0,,10.0,0.45,46.92,2111.4,>120 Days,20280831
20000063,BM HEART  DREAM 7 STAR SPONGE CAKE 10KG,6002,6000,Warehouse,SL02,937.26,Finished Goods,AHMAD A. ABED FACTORY,45.0,1.0,45.0,,10.0,0.45,46.92,2111.4,>120 Days,20280831
20000063,BM HEART  DREAM 7 STAR SPONGE CAKE 10KG,6002,6000,Warehouse,SL02,936.26,Finished Goods,AHMAD A. ABED FACTORY,45.0,1.0,45.0,,10.0,0.45,46.92,2111.4,>120 Days,20280831
20000063,BM HEART  DREAM 7 STAR SPONGE CAKE 10KG,6002,6000,Warehouse,SL02,935.26,Finished Goods,AHMAD A. ABED FACTORY,45.0,1.0,45.0,,10.0,0.45,46.92,2111.4,>120 Days,20280831
20000063,BM HEART  DREAM 7 STAR SPONGE CAKE 10KG,6002,6000,Warehouse,SL02,934.26,Finished Goods,AHMAD A. ABED FACTORY,45.0,1.0,45.0,,10.0,0.45,46.92,2111.4,>120 Days,20280831
20000063,BM HEART  DREAM 7 STAR SPONGE CAKE 10KG,6002,6000,Warehouse,SL02,933.26,Finished Goods,AHMAD A. ABED FACTORY,45.0,1.0,45.0,,10.0,0.45,46.92,2111.4,>120 Days,20280831
20000063,BM HEART  DREAM 7 STAR SPONGE CAKE 10KG,6002,6000,Warehouse,SL02,932.26,Finished Goods,AHMAD A. ABED FACTORY,45.0,1.0,45.0,,10.0,0.45,46.92,2111.4,>120 Days,20280831
20000063,BM HEART  DREAM 7 STAR SPONGE CAKE 10KG,6002,6000,Warehouse,SL02,931.26,Finished Goods,AHMAD A. ABED FACTORY,45.0,1.0,45.0,,10.0,0.45,46.92,2111.4,>120 Days,20280831
20000063,BM HEART  DREAM 7 STAR SPONGE CAKE 10KG,6002,6000,Warehouse,SL02,794.25,Finished Goods,AHMAD A. ABED FACTORY,45.0,1.0,45.0,,10.0,0.45,46.92,2111.4,>120 Days,20270403
20000063,BM HEART  DREAM 7 STAR SPONGE CAKE 10KG,6002,6000,Warehouse,SL02,791.25,Finished Goods,AHMAD A. ABED FACTORY,45.0,1.0,45.0,,10.0,0.45,46.92,2111.4,>120 Days,20270403
20000063,BM HEART  DREAM 7 STAR SPONGE CAKE 10KG,6002,6000,Warehouse,SL02,591.26,Finished Goods,AHMAD A. ABED FACTORY,45.0,1.0,45.0,,10.0,0.45,46.92,2111.4,>120 Days,20271018
20000063,BM HEART  DREAM 7 STAR SPONGE CAKE 10KG,6002,6000,Warehouse,SL02,590.26,Finished Goods,AHMAD A. ABED FACTORY,45.0,1.0,45.0,,10.0,0.45,46.92,2111.4,>120 Days,20271018
20000063,BM HEART  DREAM 7 STAR SPONGE CAKE 10KG,6002,6000,Warehouse,SL02,581.26,Finished Goods,AHMAD A. ABED FACTORY,45.0,1.0,45.0,,10.0,0.45,46.92,2111.4,>120 Days,20271018
20000063,BM HEART  DREAM 7 STAR SPONGE CAKE 10KG,6002,6000,Warehouse,SL02,580.26,Finished Goods,AHMAD A. ABED FACTORY,45.0,1.0,45.0,,10.0,0.45,46.92,2111.4,>120 Days,20271018
20000063,BM HEART  DREAM 7 STAR SPONGE CAKE 10KG,6002,6000,Warehouse,SL02,571.26,Finished Goods,AHMAD A. ABED FACTORY,39.0,1.0,39.0,,10.0,0.39,46.92,1829.88,>120 Days,20271018
20000063,BM HEART  DREAM 7 STAR SPONGE CAKE 10KG,6002,6000,Warehouse,SL02,570.26,Finished Goods,AHMAD A. ABED FACTORY,50.0,1.0,50.0,,10.0,0.5,46.92,2346.0,>120 Days,20271018
20000063,BM HEART  DREAM 7 STAR SPONGE CAKE 10KG,6002,6000,Warehouse,SL02,569.26,Finished Goods,AHMAD A. ABED FACTORY,90.0,1.0,90.0,,10.0,0.9,46.92,4222.8,>120 Days,20271018
20000063,BM HEART  DREAM 7 STAR SPONGE CAKE 10KG,6002,6000,Warehouse,SL02,568.26,Finished Goods,AHMAD A. ABED FACTORY,56.0,1.0,56.0,,10.0,0.56,46.92,2627.52,>120 Days,20271018
20000063,BM HEART  DREAM 7 STAR SPONGE CAKE 10KG,6002,6000,Warehouse,SL02,47.26,Finished Goods,AHMAD A. ABED FACTORY,45.0,1.0,45.0,,10.0,0.45,46.92,2111.4,>120 Days,20270703
20000063,BM HEART  DREAM 7 STAR SPONGE CAKE 10KG,6002,6000,Warehouse,SL02,46.26,Finished Goods,AHMAD A. ABED FACTORY,13.0,1.0,13.0,,10.0,0.13,46.92,609.96,>120 Days,20270703
20000063,BM HEART  DREAM 7 STAR SPONGE CAKE 10KG,6002,6000,Warehouse,SL02,45.26,Finished Goods,AHMAD A. ABED FACTORY,45.0,1.0,45.0,,10.0,0.45,46.92,2111.4,>120 Days,20270703
20000063,BM HEART  DREAM 7 STAR SPONGE CAKE 10KG,6002,6000,Warehouse,SL02,44.26,Finished Goods,AHMAD A. ABED FACTORY,45.0,1.0,45.0,,10.0,0.45,46.92,2111.4,>120 Days,20270703
20000063,BM HEART  DREAM 7 STAR SPONGE CAKE 10KG,6002,6000,Warehouse,SL02,43.26,Finished Goods,AHMAD A. ABED FACTORY,45.0,1.0,45.0,,10.0,0.45,46.92,2111.4,>120 Days,20270703
20000063,BM HEART  DREAM 7 STAR SPONGE CAKE 10KG,6002,6000,Warehouse,SL02,42.26,Finished Goods,AHMAD A. ABED FACTORY,45.0,1.0,45.0,,10.0,0.45,46.92,2111.4,>120 Days,20270703
20000063,BM HEART  DREAM 7 STAR SPONGE CAKE 10KG,6002,6000,Warehouse,SL02,39.26,Finished Goods,AHMAD A. ABED FACTORY,45.0,1.0,45.0,,10.0,0.45,46.92,2111.4,>120 Days,20270703
20000063,BM HEART  DREAM 7 STAR SPONGE CAKE 10KG,6002,6000,Warehouse,SL02,38.26,Finished Goods,AHMAD A. ABED FACTORY,45.0,1.0,45.0,,10.0,0.45,46.92,2111.4,>120 Days,20270703
20000063,BM HEART  DREAM 7 STAR SPONGE CAKE 10KG,6002,6000,Warehouse,SL02,1032.25,Finished Goods,AHMAD A. ABED FACTORY,45.0,1.0,45.0,,10.0,0.45,46.92,2111.4,>120 Days,20270620
20000064,BM HEART DREAM 7 STAR VANILLA SPONGE 1KG,6002,6000,Warehouse,SL02,RM851,Finished Goods,AHMAD A. ABED FACTORY,450.0,1.0,450.0,,1.0,0.45,4.97,2236.5,>120 Days,20280812
20000064,BM HEART DREAM 7 STAR VANILLA SPONGE 1KG,6002,6000,Warehouse,SL02,RM850,Finished Goods,AHMAD A. ABED FACTORY,50.0,1.0,50.0,,1.0,0.05,4.97,248.5,>120 Days,20280812
20000065,BM HEARTDREAM 7 STARS VAN. SPONGE 25KG,6002,6000,Warehouse,SL02,276.26,Finished Goods,AHMAD A. ABED FACTORY,18.0,1.0,18.0,,25.0,0.45,111.22,2001.96,>120 Days,20280308
20000065,BM HEARTDREAM 7 STARS VAN. SPONGE 25KG,6002,6000,Warehouse,SL02,902.26,Finished Goods,AHMAD A. ABED FACTORY,12.0,1.0,12.0,,25.0,0.3,111.22,1334.64,>120 Days,20280831
20000065,BM HEARTDREAM 7 STARS VAN. SPONGE 25KG,6002,6000,Warehouse,SL02,901.26,Finished Goods,AHMAD A. ABED FACTORY,18.0,1.0,18.0,,25.0,0.45,111.22,2001.96,>120 Days,20280831
20000065,BM HEARTDREAM 7 STARS VAN. SPONGE 25KG,6002,6000,Warehouse,SL02,900.26,Finished Goods,AHMAD A. ABED FACTORY,18.0,1.0,18.0,,25.0,0.45,111.22,2001.96,>120 Days,20280831
20000065,BM HEARTDREAM 7 STARS VAN. SPONGE 25KG,6002,6000,Warehouse,SL02,277.26,Finished Goods,AHMAD A. ABED FACTORY,18.0,1.0,18.0,,25.0,0.45,111.22,2001.96,>120 Days,20280308
20000065,BM HEARTDREAM 7 STARS VAN. SPONGE 25KG,6002,6000,Warehouse,SL02,600.26,Finished Goods,AHMAD A. ABED FACTORY,18.0,1.0,18.0,,25.0,0.45,111.22,2001.96,>120 Days,20271106
20000065,BM HEARTDREAM 7 STARS VAN. SPONGE 25KG,6002,6000,Warehouse,SL02,899.26,Finished Goods,AHMAD A. ABED FACTORY,18.0,1.0,18.0,,25.0,0.45,111.22,2001.96,>120 Days,20280831
20000065,BM HEARTDREAM 7 STARS VAN. SPONGE 25KG,6002,6000,Warehouse,SL02,599.26,Finished Goods,AHMAD A. ABED FACTORY,18.0,1.0,18.0,,25.0,0.45,111.22,2001.96,>120 Days,20271106
20000065,BM HEARTDREAM 7 STARS VAN. SPONGE 25KG,6002,6000,Warehouse,SL02,601.26,Finished Goods,AHMAD A. ABED FACTORY,8.0,1.0,8.0,,25.0,0.2,111.22,889.76,>120 Days,20271106
20000065,BM HEARTDREAM 7 STARS VAN. SPONGE 25KG,6002,6000,Warehouse,SL02,278.26,Finished Goods,AHMAD A. ABED FACTORY,18.0,1.0,18.0,,25.0,0.45,111.22,2001.96,>120 Days,20280308
20000065,BM HEARTDREAM 7 STARS VAN. SPONGE 25KG,6002,6000,Warehouse,SL02,602.26,Finished Goods,AHMAD A. ABED FACTORY,4.0,1.0,4.0,,25.0,0.1,111.22,444.88,>120 Days,20271106
20000065,BM HEARTDREAM 7 STARS VAN. SPONGE 25KG,6002,6000,Warehouse,SL02,330.26,Finished Goods,AHMAD A. ABED FACTORY,9.0,1.0,9.0,,25.0,0.225,111.22,1000.98,>120 Days,20280324
20000065,BM HEARTDREAM 7 STARS VAN. SPONGE 25KG,6002,6000,Warehouse,SL02,603.26,Finished Goods,AHMAD A. ABED FACTORY,3.0,1.0,3.0,,25.0,0.075,111.22,333.66,>120 Days,20271106
20000065,BM HEARTDREAM 7 STARS VAN. SPONGE 25KG,6002,6000,Warehouse,SL02,898.26,Finished Goods,AHMAD A. ABED FACTORY,18.0,1.0,18.0,,25.0,0.45,111.22,2001.96,>120 Days,20280831
20000065,BM HEARTDREAM 7 STARS VAN. SPONGE 25KG,6002,6000,Warehouse,SL02,851.26,Finished Goods,AHMAD A. ABED FACTORY,6.0,1.0,6.0,,25.0,0.15,111.22,667.32,>120 Days,20280807
20000065,BM HEARTDREAM 7 STARS VAN. SPONGE 25KG,6002,6000,Warehouse,SL02,329.26,Finished Goods,AHMAD A. ABED FACTORY,18.0,1.0,18.0,,25.0,0.45,111.22,2001.96,>120 Days,20280308
20000065,BM HEARTDREAM 7 STARS VAN. SPONGE 25KG,6002,6000,Warehouse,SL02,862.26,Finished Goods,AHMAD A. ABED FACTORY,10.0,1.0,10.0,,25.0,0.25,111.22,1112.2,>120 Days,20280807
20000065,BM HEARTDREAM 7 STARS VAN. SPONGE 25KG,6002,6000,Warehouse,SL02,863.26,Finished Goods,AHMAD A. ABED FACTORY,19.0,1.0,19.0,,25.0,0.475,111.22,2113.18,>120 Days,20280807
20000065,BM HEARTDREAM 7 STARS VAN. SPONGE 25KG,6002,6000,Warehouse,SL02,864.26,Finished Goods,AHMAD A. ABED FACTORY,11.0,1.0,11.0,,25.0,0.275,111.22,1223.42,>120 Days,20280807
20000065,BM HEARTDREAM 7 STARS VAN. SPONGE 25KG,6002,6000,Warehouse,SL02,869.26,Finished Goods,AHMAD A. ABED FACTORY,18.0,1.0,18.0,,25.0,0.45,111.22,2001.96,>120 Days,20280807
20000065,BM HEARTDREAM 7 STARS VAN. SPONGE 25KG,6002,6000,Warehouse,SL02,328.26,Finished Goods,AHMAD A. ABED FACTORY,18.0,1.0,18.0,,25.0,0.45,111.22,2001.96,>120 Days,20280308
20000065,BM HEARTDREAM 7 STARS VAN. SPONGE 25KG,6002,6000,Warehouse,SL02,897.26,Finished Goods,AHMAD A. ABED FACTORY,18.0,1.0,18.0,,25.0,0.45,111.22,2001.96,>120 Days,20280831
20000065,BM HEARTDREAM 7 STARS VAN. SPONGE 25KG,6002,6000,Warehouse,SL02,870.26,Finished Goods,AHMAD A. ABED FACTORY,18.0,1.0,18.0,,25.0,0.45,111.22,2001.96,>120 Days,20280807
20000065,BM HEARTDREAM 7 STARS VAN. SPONGE 25KG,6002,6000,Warehouse,SL02,871.26,Finished Goods,AHMAD A. ABED FACTORY,18.0,1.0,18.0,,25.0,0.45,111.22,2001.96,>120 Days,20280807
20000065,BM HEARTDREAM 7 STARS VAN. SPONGE 25KG,6002,6000,Warehouse,SL02,896.26,Finished Goods,AHMAD A. ABED FACTORY,18.0,1.0,18.0,,25.0,0.45,111.22,2001.96,>120 Days,20280831
20000065,BM HEARTDREAM 7 STARS VAN. SPONGE 25KG,6002,6000,Warehouse,SL02,882.26,Finished Goods,AHMAD A. ABED FACTORY,18.0,1.0,18.0,,25.0,0.45,111.22,2001.96,>120 Days,20280807
20000065,BM HEARTDREAM 7 STARS VAN. SPONGE 25KG,6002,6000,Warehouse,SL02,327.26,Finished Goods,AHMAD A. ABED FACTORY,18.0,1.0,18.0,,25.0,0.45,111.22,2001.96,>120 Days,20280308
20000065,BM HEARTDREAM 7 STARS VAN. SPONGE 25KG,6002,6000,Warehouse,SL02,872.26,Finished Goods,AHMAD A. ABED FACTORY,18.0,1.0,18.0,,25.0,0.45,111.22,2001.96,>120 Days,20280807
20000065,BM HEARTDREAM 7 STARS VAN. SPONGE 25KG,6002,6000,Warehouse,SL02,873.26,Finished Goods,AHMAD A. ABED FACTORY,18.0,1.0,18.0,,25.0,0.45,111.22,2001.96,>120 Days,20280807
20000065,BM HEARTDREAM 7 STARS VAN. SPONGE 25KG,6002,6000,Warehouse,SL02,325.26,Finished Goods,AHMAD A. ABED FACTORY,18.0,1.0,18.0,,25.0,0.45,111.22,2001.96,>120 Days,20280308
20000065,BM HEARTDREAM 7 STARS VAN. SPONGE 25KG,6002,6000,Warehouse,SL02,323.26,Finished Goods,AHMAD A. ABED FACTORY,18.0,1.0,18.0,,25.0,0.45,111.22,2001.96,>120 Days,20280308
20000065,BM HEARTDREAM 7 STARS VAN. SPONGE 25KG,6002,6000,Warehouse,SL02,321.26,Finished Goods,AHMAD A. ABED FACTORY,12.0,1.0,12.0,,25.0,0.3,111.22,1334.64,>120 Days,20280308
20000065,BM HEARTDREAM 7 STARS VAN. SPONGE 25KG,6002,6000,Warehouse,SL02,874.26,Finished Goods,AHMAD A. ABED FACTORY,18.0,1.0,18.0,,25.0,0.45,111.22,2001.96,>120 Days,20280807
20000065,BM HEARTDREAM 7 STARS VAN. SPONGE 25KG,6002,6000,Warehouse,SL02,875.26,Finished Goods,AHMAD A. ABED FACTORY,18.0,1.0,18.0,,25.0,0.45,111.22,2001.96,>120 Days,20280807
20000065,BM HEARTDREAM 7 STARS VAN. SPONGE 25KG,6002,6000,Warehouse,SL02,317.26,Finished Goods,AHMAD A. ABED FACTORY,6.0,1.0,6.0,,25.0,0.15,111.22,667.32,>120 Days,20280308
20000065,BM HEARTDREAM 7 STARS VAN. SPONGE 25KG,6002,6000,Warehouse,SL02,876.26,Finished Goods,AHMAD A. ABED FACTORY,8.0,1.0,8.0,,25.0,0.2,111.22,889.76,>120 Days,20280807
20000065,BM HEARTDREAM 7 STARS VAN. SPONGE 25KG,6002,6000,Warehouse,SL02,282.26,Finished Goods,AHMAD A. ABED FACTORY,7.0,1.0,7.0,,25.0,0.175,111.22,778.54,>120 Days,20280308
20000065,BM HEARTDREAM 7 STARS VAN. SPONGE 25KG,6002,6000,Warehouse,SL02,281.26,Finished Goods,AHMAD A. ABED FACTORY,18.0,1.0,18.0,,25.0,0.45,111.22,2001.96,>120 Days,20280308
20000065,BM HEARTDREAM 7 STARS VAN. SPONGE 25KG,6002,6000,Warehouse,SL02,280.26,Finished Goods,AHMAD A. ABED FACTORY,18.0,1.0,18.0,,25.0,0.45,111.22,2001.96,>120 Days,20280308
20000065,BM HEARTDREAM 7 STARS VAN. SPONGE 25KG,6002,6000,Warehouse,SL02,878.26,Finished Goods,AHMAD A. ABED FACTORY,8.0,1.0,8.0,,25.0,0.2,111.22,889.76,>120 Days,20280807
20000065,BM HEARTDREAM 7 STARS VAN. SPONGE 25KG,6002,6000,Warehouse,SL02,879.26,Finished Goods,AHMAD A. ABED FACTORY,18.0,1.0,18.0,,25.0,0.45,111.22,2001.96,>120 Days,20280807
20000065,BM HEARTDREAM 7 STARS VAN. SPONGE 25KG,6002,6000,Warehouse,SL02,880.26,Finished Goods,AHMAD A. ABED FACTORY,18.0,1.0,18.0,,25.0,0.45,111.22,2001.96,>120 Days,20280807
20000065,BM HEARTDREAM 7 STARS VAN. SPONGE 25KG,6002,6000,Warehouse,SL02,881.26,Finished Goods,AHMAD A. ABED FACTORY,18.0,1.0,18.0,,25.0,0.45,111.22,2001.96,>120 Days,20280807
20000065,BM HEARTDREAM 7 STARS VAN. SPONGE 25KG,6002,6000,Warehouse,SL02,279.26,Finished Goods,AHMAD A. ABED FACTORY,18.0,1.0,18.0,,25.0,0.45,111.22,2001.96,>120 Days,20280308
20000065,BM HEARTDREAM 7 STARS VAN. SPONGE 25KG,6002,6000,Warehouse,SL02,275.26,Finished Goods,AHMAD A. ABED FACTORY,18.0,1.0,18.0,,25.0,0.45,111.22,2001.96,>120 Days,20280308
20000066,BM HEART DREAM 7 STAR CHOCO 10KG,6002,6000,Warehouse,SL02,493.26,Finished Goods,AHMAD A. ABED FACTORY,50.0,1.0,50.0,,10.0,0.5,70.26,3513.0,>120 Days,20280111
20000066,BM HEART DREAM 7 STAR CHOCO 10KG,6002,6000,Warehouse,SL02,492.26,Finished Goods,AHMAD A. ABED FACTORY,50.0,1.0,50.0,,10.0,0.5,70.26,3513.0,>120 Days,20280111
20000066,BM HEART DREAM 7 STAR CHOCO 10KG,6002,6000,Warehouse,SL02,302.26,Finished Goods,AHMAD A. ABED FACTORY,50.0,1.0,50.0,,10.0,0.5,70.26,3513.0,>120 Days,20271018
20000066,BM HEART DREAM 7 STAR CHOCO 10KG,6002,6000,Warehouse,SL02,301.26,Finished Goods,AHMAD A. ABED FACTORY,50.0,1.0,50.0,,10.0,0.5,70.26,3513.0,>120 Days,20271018
20000066,BM HEART DREAM 7 STAR CHOCO 10KG,6002,6000,Warehouse,SL02,296.26,Finished Goods,AHMAD A. ABED FACTORY,21.0,1.0,21.0,,10.0,0.21,70.26,1475.46,>120 Days,20271018
20000066,BM HEART DREAM 7 STAR CHOCO 10KG,6002,6000,Warehouse,SL02,295.26,Finished Goods,AHMAD A. ABED FACTORY,50.0,1.0,50.0,,10.0,0.5,70.26,3513.0,>120 Days,20271018
20000067,BM HEART DREAM 7 STAR CHOCO 25KG,6002,6000,Warehouse,SL02,596.26,Finished Goods,AHMAD A. ABED FACTORY,20.0,1.0,20.0,,25.0,0.5,154.14,3082.8,>120 Days,20280319
20000067,BM HEART DREAM 7 STAR CHOCO 25KG,6002,6000,Warehouse,SL02,595.26,Finished Goods,AHMAD A. ABED FACTORY,20.0,1.0,20.0,,25.0,0.5,154.14,3082.8,>120 Days,20280919
20000067,BM HEART DREAM 7 STAR CHOCO 25KG,6002,6000,Warehouse,SL02,594.26,Finished Goods,AHMAD A. ABED FACTORY,20.0,1.0,20.0,,25.0,0.5,154.14,3082.8,>120 Days,20280919
20000067,BM HEART DREAM 7 STAR CHOCO 25KG,6002,6000,Warehouse,SL02,593.26,Finished Goods,AHMAD A. ABED FACTORY,20.0,1.0,20.0,,25.0,0.5,154.14,3082.8,>120 Days,20280919
20000067,BM HEART DREAM 7 STAR CHOCO 25KG,6002,6000,Warehouse,SL02,597.26,Finished Goods,AHMAD A. ABED FACTORY,20.0,1.0,20.0,,25.0,0.5,154.14,3082.8,>120 Days,20280319
20000067,BM HEART DREAM 7 STAR CHOCO 25KG,6002,6000,Warehouse,SL02,592.26,Finished Goods,AHMAD A. ABED FACTORY,20.0,1.0,20.0,,25.0,0.5,154.14,3082.8,>120 Days,20280919
20000067,BM HEART DREAM 7 STAR CHOCO 25KG,6002,6000,Warehouse,SL02,526.26,Finished Goods,AHMAD A. ABED FACTORY,20.0,1.0,20.0,,25.0,0.5,154.14,3082.8,>120 Days,20280808
20000067,BM HEART DREAM 7 STAR CHOCO 25KG,6002,6000,Warehouse,SL02,591.26,Finished Goods,AHMAD A. ABED FACTORY,20.0,1.0,20.0,,25.0,0.5,154.14,3082.8,>120 Days,20280919
20000067,BM HEART DREAM 7 STAR CHOCO 25KG,6002,6000,Warehouse,SL02,598.26,Finished Goods,AHMAD A. ABED FACTORY,20.0,1.0,20.0,,25.0,0.5,154.14,3082.8,>120 Days,20280319
20000067,BM HEART DREAM 7 STAR CHOCO 25KG,6002,6000,Warehouse,SL02,566.26,Finished Goods,AHMAD A. ABED FACTORY,22.0,1.0,22.0,,25.0,0.55,154.14,3391.08,>120 Days,20280808
20000067,BM HEART DREAM 7 STAR CHOCO 25KG,6002,6000,Warehouse,SL02,565.26,Finished Goods,AHMAD A. ABED FACTORY,22.0,1.0,22.0,,25.0,0.55,154.14,3391.08,>120 Days,20280808
20000067,BM HEART DREAM 7 STAR CHOCO 25KG,6002,6000,Warehouse,SL02,599.26,Finished Goods,AHMAD A. ABED FACTORY,20.0,1.0,20.0,,25.0,0.5,154.14,3082.8,>120 Days,20280319
20000067,BM HEART DREAM 7 STAR CHOCO 25KG,6002,6000,Warehouse,SL02,564.26,Finished Goods,AHMAD A. ABED FACTORY,21.0,1.0,21.0,,25.0,0.525,154.14,3236.94,>120 Days,20280808
20000067,BM HEART DREAM 7 STAR CHOCO 25KG,6002,6000,Warehouse,SL02,563.26,Finished Goods,AHMAD A. ABED FACTORY,21.0,1.0,21.0,,25.0,0.525,154.14,3236.94,>120 Days,20280808
20000067,BM HEART DREAM 7 STAR CHOCO 25KG,6002,6000,Warehouse,SL02,600.26,Finished Goods,AHMAD A. ABED FACTORY,20.0,1.0,20.0,,25.0,0.5,154.14,3082.8,>120 Days,20280319
20000067,BM HEART DREAM 7 STAR CHOCO 25KG,6002,6000,Warehouse,SL02,601.26,Finished Goods,AHMAD A. ABED FACTORY,20.0,1.0,20.0,,25.0,0.5,154.14,3082.8,>120 Days,20280319
20000067,BM HEART DREAM 7 STAR CHOCO 25KG,6002,6000,Warehouse,SL02,562.26,Finished Goods,AHMAD A. ABED FACTORY,21.0,1.0,21.0,,25.0,0.525,154.14,3236.94,>120 Days,20280808
20000067,BM HEART DREAM 7 STAR CHOCO 25KG,6002,6000,Warehouse,SL02,561.26,Finished Goods,AHMAD A. ABED FACTORY,21.0,1.0,21.0,,25.0,0.525,154.14,3236.94,>120 Days,20280808
20000067,BM HEART DREAM 7 STAR CHOCO 25KG,6002,6000,Warehouse,SL02,602.26,Finished Goods,AHMAD A. ABED FACTORY,20.0,1.0,20.0,,25.0,0.5,154.14,3082.8,>120 Days,20280319
20000067,BM HEART DREAM 7 STAR CHOCO 25KG,6002,6000,Warehouse,SL02,603.26,Finished Goods,AHMAD A. ABED FACTORY,20.0,1.0,20.0,,25.0,0.5,154.14,3082.8,>120 Days,20280319
20000067,BM HEART DREAM 7 STAR CHOCO 25KG,6002,6000,Warehouse,SL02,560.26,Finished Goods,AHMAD A. ABED FACTORY,21.0,1.0,21.0,,25.0,0.525,154.14,3236.94,>120 Days,20280808
20000067,BM HEART DREAM 7 STAR CHOCO 25KG,6002,6000,Warehouse,SL02,559.26,Finished Goods,AHMAD A. ABED FACTORY,21.0,1.0,21.0,,25.0,0.525,154.14,3236.94,>120 Days,20280808
20000067,BM HEART DREAM 7 STAR CHOCO 25KG,6002,6000,Warehouse,SL02,558.26,Finished Goods,AHMAD A. ABED FACTORY,21.0,1.0,21.0,,25.0,0.525,154.14,3236.94,>120 Days,20280808
20000067,BM HEART DREAM 7 STAR CHOCO 25KG,6002,6000,Warehouse,SL02,527.26,Finished Goods,AHMAD A. ABED FACTORY,20.0,1.0,20.0,,25.0,0.5,154.14,3082.8,>120 Days,20280808
20000067,BM HEART DREAM 7 STAR CHOCO 25KG,6002,6000,Warehouse,SL02,528.26,Finished Goods,AHMAD A. ABED FACTORY,20.0,1.0,20.0,,25.0,0.5,154.14,3082.8,>120 Days,20280808
20000067,BM HEART DREAM 7 STAR CHOCO 25KG,6002,6000,Warehouse,SL02,557.26,Finished Goods,AHMAD A. ABED FACTORY,21.0,1.0,21.0,,25.0,0.525,154.14,3236.94,>120 Days,20280808
20000067,BM HEART DREAM 7 STAR CHOCO 25KG,6002,6000,Warehouse,SL02,556.26,Finished Goods,AHMAD A. ABED FACTORY,21.0,1.0,21.0,,25.0,0.525,154.14,3236.94,>120 Days,20280808
20000067,BM HEART DREAM 7 STAR CHOCO 25KG,6002,6000,Warehouse,SL02,555.26,Finished Goods,AHMAD A. ABED FACTORY,21.0,1.0,21.0,,25.0,0.525,154.14,3236.94,>120 Days,20280808
20000067,BM HEART DREAM 7 STAR CHOCO 25KG,6002,6000,Warehouse,SL02,554.26,Finished Goods,AHMAD A. ABED FACTORY,21.0,1.0,21.0,,25.0,0.525,154.14,3236.94,>120 Days,20280808
20000067,BM HEART DREAM 7 STAR CHOCO 25KG,6002,6000,Warehouse,SL02,529.26,Finished Goods,AHMAD A. ABED FACTORY,20.0,1.0,20.0,,25.0,0.5,154.14,3082.8,>120 Days,20280808
20000067,BM HEART DREAM 7 STAR CHOCO 25KG,6002,6000,Warehouse,SL02,530.26,Finished Goods,AHMAD A. ABED FACTORY,20.0,1.0,20.0,,25.0,0.5,154.14,3082.8,>120 Days,20280808
20000067,BM HEART DREAM 7 STAR CHOCO 25KG,6002,6000,Warehouse,SL02,553.26,Finished Goods,AHMAD A. ABED FACTORY,30.0,1.0,30.0,,25.0,0.75,154.14,4624.2,>120 Days,20280808
20000067,BM HEART DREAM 7 STAR CHOCO 25KG,6002,6000,Warehouse,SL02,552.26,Finished Goods,AHMAD A. ABED FACTORY,24.0,1.0,24.0,,25.0,0.6,154.14,3699.36,>120 Days,20280808
20000067,BM HEART DREAM 7 STAR CHOCO 25KG,6002,6000,Warehouse,SL02,551.26,Finished Goods,AHMAD A. ABED FACTORY,20.0,1.0,20.0,,25.0,0.5,154.14,3082.8,>120 Days,20280808
20000067,BM HEART DREAM 7 STAR CHOCO 25KG,6002,6000,Warehouse,SL02,550.26,Finished Goods,AHMAD A. ABED FACTORY,20.0,1.0,20.0,,25.0,0.5,154.14,3082.8,>120 Days,20280808
20000067,BM HEART DREAM 7 STAR CHOCO 25KG,6002,6000,Warehouse,SL02,549.26,Finished Goods,AHMAD A. ABED FACTORY,20.0,1.0,20.0,,25.0,0.5,154.14,3082.8,>120 Days,20280808
20000067,BM HEART DREAM 7 STAR CHOCO 25KG,6002,6000,Warehouse,SL02,548.26,Finished Goods,AHMAD A. ABED FACTORY,20.0,1.0,20.0,,25.0,0.5,154.14,3082.8,>120 Days,20280808
20000067,BM HEART DREAM 7 STAR CHOCO 25KG,6002,6000,Warehouse,SL02,547.26,Finished Goods,AHMAD A. ABED FACTORY,20.0,1.0,20.0,,25.0,0.5,154.14,3082.8,>120 Days,20280808
20000067,BM HEART DREAM 7 STAR CHOCO 25KG,6002,6000,Warehouse,SL02,546.26,Finished Goods,AHMAD A. ABED FACTORY,20.0,1.0,20.0,,25.0,0.5,154.14,3082.8,>120 Days,20280808
20000067,BM HEART DREAM 7 STAR CHOCO 25KG,6002,6000,Warehouse,SL02,545.26,Finished Goods,AHMAD A. ABED FACTORY,20.0,1.0,20.0,,25.0,0.5,154.14,3082.8,>120 Days,20280808
20000067,BM HEART DREAM 7 STAR CHOCO 25KG,6002,6000,Warehouse,SL02,544.26,Finished Goods,AHMAD A. ABED FACTORY,20.0,1.0,20.0,,25.0,0.5,154.14,3082.8,>120 Days,20280808
20000067,BM HEART DREAM 7 STAR CHOCO 25KG,6002,6000,Warehouse,SL02,543.26,Finished Goods,AHMAD A. ABED FACTORY,20.0,1.0,20.0,,25.0,0.5,154.14,3082.8,>120 Days,20280808
20000067,BM HEART DREAM 7 STAR CHOCO 25KG,6002,6000,Warehouse,SL02,542.26,Finished Goods,AHMAD A. ABED FACTORY,20.0,1.0,20.0,,25.0,0.5,154.14,3082.8,>120 Days,20280808
20000067,BM HEART DREAM 7 STAR CHOCO 25KG,6002,6000,Warehouse,SL02,541.26,Finished Goods,AHMAD A. ABED FACTORY,20.0,1.0,20.0,,25.0,0.5,154.14,3082.8,>120 Days,20280808
20000067,BM HEART DREAM 7 STAR CHOCO 25KG,6002,6000,Warehouse,SL02,540.26,Finished Goods,AHMAD A. ABED FACTORY,20.0,1.0,20.0,,25.0,0.5,154.14,3082.8,>120 Days,20280808
20000067,BM HEART DREAM 7 STAR CHOCO 25KG,6002,6000,Warehouse,SL02,539.26,Finished Goods,AHMAD A. ABED FACTORY,20.0,1.0,20.0,,25.0,0.5,154.14,3082.8,>120 Days,20280808
20000067,BM HEART DREAM 7 STAR CHOCO 25KG,6002,6000,Warehouse,SL02,538.26,Finished Goods,AHMAD A. ABED FACTORY,20.0,1.0,20.0,,25.0,0.5,154.14,3082.8,>120 Days,20280808
20000067,BM HEART DREAM 7 STAR CHOCO 25KG,6002,6000,Warehouse,SL02,537.26,Finished Goods,AHMAD A. ABED FACTORY,20.0,1.0,20.0,,25.0,0.5,154.14,3082.8,>120 Days,20280808
20000067,BM HEART DREAM 7 STAR CHOCO 25KG,6002,6000,Warehouse,SL02,531.26,Finished Goods,AHMAD A. ABED FACTORY,20.0,1.0,20.0,,25.0,0.5,154.14,3082.8,>120 Days,20280808
20000067,BM HEART DREAM 7 STAR CHOCO 25KG,6002,6000,Warehouse,SL02,532.26,Finished Goods,AHMAD A. ABED FACTORY,20.0,1.0,20.0,,25.0,0.5,154.14,3082.8,>120 Days,20280808
20000067,BM HEART DREAM 7 STAR CHOCO 25KG,6002,6000,Warehouse,SL02,533.26,Finished Goods,AHMAD A. ABED FACTORY,20.0,1.0,20.0,,25.0,0.5,154.14,3082.8,>120 Days,20280808
20000067,BM HEART DREAM 7 STAR CHOCO 25KG,6002,6000,Warehouse,SL02,534.26,Finished Goods,AHMAD A. ABED FACTORY,20.0,1.0,20.0,,25.0,0.5,154.14,3082.8,>120 Days,20280808
20000067,BM HEART DREAM 7 STAR CHOCO 25KG,6002,6000,Warehouse,SL02,535.26,Finished Goods,AHMAD A. ABED FACTORY,20.0,1.0,20.0,,25.0,0.5,154.14,3082.8,>120 Days,20280808
20000067,BM HEART DREAM 7 STAR CHOCO 25KG,6002,6000,Warehouse,SL02,536.26,Finished Goods,AHMAD A. ABED FACTORY,20.0,1.0,20.0,,25.0,0.5,154.14,3082.8,>120 Days,20280808
20000067,BM HEART DREAM 7 STAR CHOCO 25KG,6002,6000,Warehouse,SL02,437.26,Finished Goods,AHMAD A. ABED FACTORY,20.0,1.0,20.0,,25.0,0.5,154.14,3082.8,>120 Days,20280107
20000067,BM HEART DREAM 7 STAR CHOCO 25KG,6002,6000,Warehouse,SL02,438.26,Finished Goods,AHMAD A. ABED FACTORY,20.0,1.0,20.0,,25.0,0.5,154.14,3082.8,>120 Days,20280107
20000067,BM HEART DREAM 7 STAR CHOCO 25KG,6002,6000,Warehouse,SL02,331.26,Finished Goods,AHMAD A. ABED FACTORY,20.0,1.0,20.0,,25.0,0.5,154.14,3082.8,>120 Days,20271108
20000067,BM HEART DREAM 7 STAR CHOCO 25KG,6002,6000,Warehouse,SL02,445.26,Finished Goods,AHMAD A. ABED FACTORY,25.0,1.0,25.0,,25.0,0.625,154.14,3853.5,>120 Days,20280107
20000067,BM HEART DREAM 7 STAR CHOCO 25KG,6002,6000,Warehouse,SL02,330.26,Finished Goods,AHMAD A. ABED FACTORY,41.0,1.0,41.0,,25.0,1.025,154.14,6319.74,>120 Days,20271108
20000067,BM HEART DREAM 7 STAR CHOCO 25KG,6002,6000,Warehouse,SL02,324.26,Finished Goods,AHMAD A. ABED FACTORY,20.0,1.0,20.0,,25.0,0.5,154.14,3082.8,>120 Days,20271106
20000067,BM HEART DREAM 7 STAR CHOCO 25KG,6002,6000,Warehouse,SL02,498.26,Finished Goods,AHMAD A. ABED FACTORY,20.0,1.0,20.0,,25.0,0.5,154.14,3082.8,>120 Days,20280808
20000067,BM HEART DREAM 7 STAR CHOCO 25KG,6002,6000,Warehouse,SL02,323.26,Finished Goods,AHMAD A. ABED FACTORY,20.0,1.0,20.0,,25.0,0.5,154.14,3082.8,>120 Days,20271106
20000067,BM HEART DREAM 7 STAR CHOCO 25KG,6002,6000,Warehouse,SL02,256.26,Finished Goods,AHMAD A. ABED FACTORY,20.0,1.0,20.0,,25.0,0.5,154.14,3082.8,>120 Days,20271014
20000067,BM HEART DREAM 7 STAR CHOCO 25KG,6002,6000,Warehouse,SL02,255.26,Finished Goods,AHMAD A. ABED FACTORY,20.0,1.0,20.0,,25.0,0.5,154.14,3082.8,>120 Days,20271014
20000067,BM HEART DREAM 7 STAR CHOCO 25KG,6002,6000,Warehouse,SL02,254.26,Finished Goods,AHMAD A. ABED FACTORY,19.0,1.0,19.0,,25.0,0.475,154.14,2928.66,>120 Days,20271014
20000067,BM HEART DREAM 7 STAR CHOCO 25KG,6002,6000,Warehouse,SL02,251.26,Finished Goods,AHMAD A. ABED FACTORY,20.0,1.0,20.0,,25.0,0.5,154.14,3082.8,>120 Days,20271014
20000067,BM HEART DREAM 7 STAR CHOCO 25KG,6002,6000,Warehouse,SL02,499.26,Finished Goods,AHMAD A. ABED FACTORY,20.0,1.0,20.0,,25.0,0.5,154.14,3082.8,>120 Days,20280808
20000067,BM HEART DREAM 7 STAR CHOCO 25KG,6002,6000,Warehouse,SL02,250.26,Finished Goods,AHMAD A. ABED FACTORY,20.0,1.0,20.0,,25.0,0.5,154.14,3082.8,>120 Days,20271014
20000067,BM HEART DREAM 7 STAR CHOCO 25KG,6002,6000,Warehouse,SL02,500.26,Finished Goods,AHMAD A. ABED FACTORY,20.0,1.0,20.0,,25.0,0.5,154.14,3082.8,>120 Days,20280808
20000067,BM HEART DREAM 7 STAR CHOCO 25KG,6002,6000,Warehouse,SL02,501.26,Finished Goods,AHMAD A. ABED FACTORY,20.0,1.0,20.0,,25.0,0.5,154.14,3082.8,>120 Days,20280808
20000067,BM HEART DREAM 7 STAR CHOCO 25KG,6002,6000,Warehouse,SL02,245.26,Finished Goods,AHMAD A. ABED FACTORY,20.0,1.0,20.0,,25.0,0.5,154.14,3082.8,>120 Days,20271014
20000067,BM HEART DREAM 7 STAR CHOCO 25KG,6002,6000,Warehouse,SL02,244.26,Finished Goods,AHMAD A. ABED FACTORY,20.0,1.0,20.0,,25.0,0.5,154.14,3082.8,>120 Days,20271014
20000067,BM HEART DREAM 7 STAR CHOCO 25KG,6002,6000,Warehouse,SL02,502.26,Finished Goods,AHMAD A. ABED FACTORY,20.0,1.0,20.0,,25.0,0.5,154.14,3082.8,>120 Days,20280808
20000067,BM HEART DREAM 7 STAR CHOCO 25KG,6002,6000,Warehouse,SL02,503.26,Finished Goods,AHMAD A. ABED FACTORY,20.0,1.0,20.0,,25.0,0.5,154.14,3082.8,>120 Days,20280808
20000067,BM HEART DREAM 7 STAR CHOCO 25KG,6002,6000,Warehouse,SL02,504.26,Finished Goods,AHMAD A. ABED FACTORY,20.0,1.0,20.0,,25.0,0.5,154.14,3082.8,>120 Days,20280808
20000067,BM HEART DREAM 7 STAR CHOCO 25KG,6002,6000,Warehouse,SL02,505.26,Finished Goods,AHMAD A. ABED FACTORY,20.0,1.0,20.0,,25.0,0.5,154.14,3082.8,>120 Days,20280808
20000067,BM HEART DREAM 7 STAR CHOCO 25KG,6002,6000,Warehouse,SL02,506.26,Finished Goods,AHMAD A. ABED FACTORY,20.0,1.0,20.0,,25.0,0.5,154.14,3082.8,>120 Days,20280808
20000067,BM HEART DREAM 7 STAR CHOCO 25KG,6002,6000,Warehouse,SL02,507.26,Finished Goods,AHMAD A. ABED FACTORY,20.0,1.0,20.0,,25.0,0.5,154.14,3082.8,>120 Days,20280808
20000067,BM HEART DREAM 7 STAR CHOCO 25KG,6002,6000,Warehouse,SL02,508.26,Finished Goods,AHMAD A. ABED FACTORY,20.0,1.0,20.0,,25.0,0.5,154.14,3082.8,>120 Days,20280808
20000067,BM HEART DREAM 7 STAR CHOCO 25KG,6002,6000,Warehouse,SL02,509.26,Finished Goods,AHMAD A. ABED FACTORY,20.0,1.0,20.0,,25.0,0.5,154.14,3082.8,>120 Days,20280808
20000067,BM HEART DREAM 7 STAR CHOCO 25KG,6002,6000,Warehouse,SL02,510.26,Finished Goods,AHMAD A. ABED FACTORY,20.0,1.0,20.0,,25.0,0.5,154.14,3082.8,>120 Days,20280808
20000067,BM HEART DREAM 7 STAR CHOCO 25KG,6002,6000,Warehouse,SL02,511.26,Finished Goods,AHMAD A. ABED FACTORY,20.0,1.0,20.0,,25.0,0.5,154.14,3082.8,>120 Days,20280808
20000067,BM HEART DREAM 7 STAR CHOCO 25KG,6002,6000,Warehouse,SL02,516.26,Finished Goods,AHMAD A. ABED FACTORY,1.0,1.0,1.0,,25.0,0.025,154.14,154.14,>120 Days,20280808
20000067,BM HEART DREAM 7 STAR CHOCO 25KG,6002,6000,Warehouse,SL02,517.26,Finished Goods,AHMAD A. ABED FACTORY,1.0,1.0,1.0,,25.0,0.025,154.14,154.14,>120 Days,20280808
20000067,BM HEART DREAM 7 STAR CHOCO 25KG,6002,6000,Warehouse,SL02,518.26,Finished Goods,AHMAD A. ABED FACTORY,16.0,1.0,16.0,,25.0,0.4,154.14,2466.24,>120 Days,20280808
20000067,BM HEART DREAM 7 STAR CHOCO 25KG,6002,6000,Warehouse,SL02,519.26,Finished Goods,AHMAD A. ABED FACTORY,21.0,1.0,21.0,,25.0,0.525,154.14,3236.94,>120 Days,20280808
20000067,BM HEART DREAM 7 STAR CHOCO 25KG,6002,6000,Warehouse,SL02,520.26,Finished Goods,AHMAD A. ABED FACTORY,21.0,1.0,21.0,,25.0,0.525,154.14,3236.94,>120 Days,20280808
20000067,BM HEART DREAM 7 STAR CHOCO 25KG,6002,6000,Warehouse,SL02,521.26,Finished Goods,AHMAD A. ABED FACTORY,21.0,1.0,21.0,,25.0,0.525,154.14,3236.94,>120 Days,20280808
20000067,BM HEART DREAM 7 STAR CHOCO 25KG,6002,6000,Warehouse,SL02,522.26,Finished Goods,AHMAD A. ABED FACTORY,20.0,1.0,20.0,,25.0,0.5,154.14,3082.8,>120 Days,20280808
20000067,BM HEART DREAM 7 STAR CHOCO 25KG,6002,6000,Warehouse,SL02,523.26,Finished Goods,AHMAD A. ABED FACTORY,20.0,1.0,20.0,,25.0,0.5,154.14,3082.8,>120 Days,20280808
20000067,BM HEART DREAM 7 STAR CHOCO 25KG,6002,6000,Warehouse,SL02,524.26,Finished Goods,AHMAD A. ABED FACTORY,20.0,1.0,20.0,,25.0,0.5,154.14,3082.8,>120 Days,20280808
20000067,BM HEART DREAM 7 STAR CHOCO 25KG,6002,6000,Warehouse,SL02,525.26,Finished Goods,AHMAD A. ABED FACTORY,20.0,1.0,20.0,,25.0,0.5,154.14,3082.8,>120 Days,20280808
20000069,BM HEART DREAM CHOCO SPONGE MIX 1KG,6002,6000,Warehouse,SL02,RM02.25,Finished Goods,AHMAD A. ABED FACTORY,293.0,1.0,293.0,,1.0,0.293,8.48,2484.64,>120 Days,20270327
20000071,BM HEART DREAM SPONGE CAKE MIX 1KG,6002,6000,Warehouse,SL02,RM42.25,Finished Goods,AHMAD A. ABED FACTORY,204.0,1.0,204.0,,1.0,0.204,5.16,1052.64,>120 Days,20270613
20000075,BM HOT CHOCOLATE SOUFFLE MIX 1KG,6002,6000,Warehouse,SL02,RM10,Finished Goods,AHMAD A. ABED FACTORY,204.0,1.0,204.0,,1.0,0.204,12.86,2623.44,>120 Days,20271012
20000079,BM KITCHEN FLOUR 5KG,6002,6000,Warehouse,SL02,1293.26,Finished Goods,AHMAD A. ABED FACTORY,10.0,1.0,10.0,,5.0,0.05,12.46,124.6,>120 Days,20280809
20000080,BM KORNGRAIN MULTICEREAL BREAD CON. 10KG,6002,6000,Warehouse,SL02,91.26,Finished Goods,AHMAD A. ABED FACTORY,51.0,1.0,51.0,,10.0,0.51,72.29,3686.79,>120 Days,20280113
20000080,BM KORNGRAIN MULTICEREAL BREAD CON. 10KG,6002,6000,Warehouse,SL02,90.26,Finished Goods,AHMAD A. ABED FACTORY,50.0,1.0,50.0,,10.0,0.5,72.29,3614.5,>120 Days,20280713
20000080,BM KORNGRAIN MULTICEREAL BREAD CON. 10KG,6002,6000,Warehouse,SL02,65.25,Finished Goods,AHMAD A. ABED FACTORY,16.0,1.0,16.0,,10.0,0.16,72.29,1156.64,91-120,20270106
20000080,BM KORNGRAIN MULTICEREAL BREAD CON. 10KG,6002,6000,Warehouse,SL02,70.26,Finished Goods,AHMAD A. ABED FACTORY,50.0,1.0,50.0,,10.0,0.5,72.29,3614.5,>120 Days,20271217
20000080,BM KORNGRAIN MULTICEREAL BREAD CON. 10KG,6002,6000,Warehouse,SL02,89.26,Finished Goods,AHMAD A. ABED FACTORY,50.0,1.0,50.0,,10.0,0.5,72.29,3614.5,>120 Days,20280113
20000085,BM LIQUID GLUCOSE 20KG,6002,6000,Warehouse,SL02,RM728,Finished Goods,AHMAD A. ABED FACTORY,88.0,1.0,88.0,,20.0,1.76,53.1,4672.8,>120 Days,20280807
20000088,BM MASTER COCOA POWDER 10-12% FAT 1KG,6002,6000,Warehouse,SL02,R1227,Finished Goods,AHMAD A. ABED FACTORY,20.0,1.0,20.0,,1.0,0.02,26.57,531.4,>120 Days,20280117
20000091,BM PAN CAKE MIX 1KG,6002,6000,Warehouse,SL02,RM78,Finished Goods,AHMAD A. ABED FACTORY,500.0,1.0,500.0,,1.0,0.5,2.36,1180.0,>120 Days,20280808
20000095,PATISSIERE COLD CUSTARD 10KG,6002,6000,Warehouse,SL02,550.26,Finished Goods,AHMAD A. ABED FACTORY,25.0,1.0,25.0,,10.0,0.25,88.33,2208.25,>120 Days,20280815
20000103,BM VANILLA CUPCAKE MIX 1KG,6002,6000,Warehouse,SL02,RM44.25,Finished Goods,,24.0,1.0,24.0,,1.0,0.024,4.73,113.52,>120 Days,20270418
20000105,BM PLAIN VANILLA MUFFIN MIX 10KG,6002,6000,Warehouse,SL02,169.26,Finished Goods,AHMAD A. ABED FACTORY,75.0,1.0,75.0,,10.0,0.75,38.74,2905.5,>120 Days,20280809
20000105,BM PLAIN VANILLA MUFFIN MIX 10KG,6002,6000,Warehouse,SL02,170.26,Finished Goods,AHMAD A. ABED FACTORY,75.0,1.0,75.0,,10.0,0.75,38.74,2905.5,>120 Days,20280809
20000105,BM PLAIN VANILLA MUFFIN MIX 10KG,6002,6000,Warehouse,SL02,171.26,Finished Goods,AHMAD A. ABED FACTORY,75.0,1.0,75.0,,10.0,0.75,38.74,2905.5,>120 Days,20280809
20000105,BM PLAIN VANILLA MUFFIN MIX 10KG,6002,6000,Warehouse,SL02,172.26,Finished Goods,AHMAD A. ABED FACTORY,75.0,1.0,75.0,,10.0,0.75,38.74,2905.5,>120 Days,20280809
20000105,BM PLAIN VANILLA MUFFIN MIX 10KG,6002,6000,Warehouse,SL02,173.26,Finished Goods,AHMAD A. ABED FACTORY,75.0,1.0,75.0,,10.0,0.75,38.74,2905.5,>120 Days,20280809
20000105,BM PLAIN VANILLA MUFFIN MIX 10KG,6002,6000,Warehouse,SL02,174.26,Finished Goods,AHMAD A. ABED FACTORY,75.0,1.0,75.0,,10.0,0.75,38.74,2905.5,>120 Days,20280809
20000105,BM PLAIN VANILLA MUFFIN MIX 10KG,6002,6000,Warehouse,SL02,175.26,Finished Goods,AHMAD A. ABED FACTORY,75.0,1.0,75.0,,10.0,0.75,38.74,2905.5,>120 Days,20280809
20000105,BM PLAIN VANILLA MUFFIN MIX 10KG,6002,6000,Warehouse,SL02,176.26,Finished Goods,AHMAD A. ABED FACTORY,73.0,1.0,73.0,,10.0,0.73,38.74,2828.02,>120 Days,20280809
20000105,BM PLAIN VANILLA MUFFIN MIX 10KG,6002,6000,Warehouse,SL02,29.26,Finished Goods,AHMAD A. ABED FACTORY,2.0,1.0,2.0,,10.0,0.02,38.74,77.48,>120 Days,20280327
20000105,BM PLAIN VANILLA MUFFIN MIX 10KG,6002,6000,Warehouse,SL02,168.26,Finished Goods,AHMAD A. ABED FACTORY,75.0,1.0,75.0,,10.0,0.75,38.74,2905.5,>120 Days,20280809
20000105,BM PLAIN VANILLA MUFFIN MIX 10KG,6002,6000,Warehouse,SL02,167.26,Finished Goods,AHMAD A. ABED FACTORY,75.0,1.0,75.0,,10.0,0.75,38.74,2905.5,>120 Days,20280809
20000105,BM PLAIN VANILLA MUFFIN MIX 10KG,6002,6000,Warehouse,SL02,140.26,Finished Goods,AHMAD A. ABED FACTORY,62.0,1.0,62.0,,10.0,0.62,38.74,2401.88,>120 Days,20271109
20000105,BM PLAIN VANILLA MUFFIN MIX 10KG,6002,6000,Warehouse,SL02,139.26,Finished Goods,AHMAD A. ABED FACTORY,45.0,1.0,45.0,,10.0,0.45,38.74,1743.3,>120 Days,20271109
20000105,BM PLAIN VANILLA MUFFIN MIX 10KG,6002,6000,Warehouse,SL02,138.26,Finished Goods,AHMAD A. ABED FACTORY,45.0,1.0,45.0,,10.0,0.45,38.74,1743.3,>120 Days,20271109
20000105,BM PLAIN VANILLA MUFFIN MIX 10KG,6002,6000,Warehouse,SL02,135.26,Finished Goods,AHMAD A. ABED FACTORY,68.0,1.0,68.0,,10.0,0.68,38.74,2634.32,>120 Days,20271109
20000105,BM PLAIN VANILLA MUFFIN MIX 10KG,6002,6000,Warehouse,SL02,136.26,Finished Goods,AHMAD A. ABED FACTORY,45.0,1.0,45.0,,10.0,0.45,38.74,1743.3,>120 Days,20271109
20000105,BM PLAIN VANILLA MUFFIN MIX 10KG,6002,6000,Warehouse,SL02,137.26,Finished Goods,AHMAD A. ABED FACTORY,45.0,1.0,45.0,,10.0,0.45,38.74,1743.3,>120 Days,20271109
20000106,BM VANILLA MUFFIN MIX 1KG,6002,6000,Warehouse,SL02,RM46,Finished Goods,AHMAD A. ABED FACTORY,200.0,1.0,200.0,,1.0,0.2,5.34,1068.0,>120 Days,20271004
20000108,BM RAISED DONUT MIX 10KG,6002,6000,Warehouse,SL02,11.26,Finished Goods,AHMAD A. ABED FACTORY,4.0,1.0,4.0,,10.0,0.04,37.03,148.12,>120 Days,20280126
20000108,BM RAISED DONUT MIX 10KG,6002,6000,Warehouse,SL02,126.26,Finished Goods,AHMAD A. ABED FACTORY,45.0,1.0,45.0,,10.0,0.45,37.03,1666.35,>120 Days,20280920
20000108,BM RAISED DONUT MIX 10KG,6002,6000,Warehouse,SL02,127.26,Finished Goods,AHMAD A. ABED FACTORY,45.0,1.0,45.0,,10.0,0.45,37.03,1666.35,>120 Days,20280920
20000108,BM RAISED DONUT MIX 10KG,6002,6000,Warehouse,SL02,128.26,Finished Goods,AHMAD A. ABED FACTORY,45.0,1.0,45.0,,10.0,0.45,37.03,1666.35,>120 Days,20280920
20000108,BM RAISED DONUT MIX 10KG,6002,6000,Warehouse,SL02,129.26,Finished Goods,AHMAD A. ABED FACTORY,45.0,1.0,45.0,,10.0,0.45,37.03,1666.35,>120 Days,20280920
20000108,BM RAISED DONUT MIX 10KG,6002,6000,Warehouse,SL02,130.26,Finished Goods,AHMAD A. ABED FACTORY,45.0,1.0,45.0,,10.0,0.45,37.03,1666.35,>120 Days,20280920
20000108,BM RAISED DONUT MIX 10KG,6002,6000,Warehouse,SL02,131.26,Finished Goods,AHMAD A. ABED FACTORY,45.0,1.0,45.0,,10.0,0.45,37.03,1666.35,>120 Days,20280920
20000108,BM RAISED DONUT MIX 10KG,6002,6000,Warehouse,SL02,132.26,Finished Goods,AHMAD A. ABED FACTORY,45.0,1.0,45.0,,10.0,0.45,37.03,1666.35,>120 Days,20280920
20000108,BM RAISED DONUT MIX 10KG,6002,6000,Warehouse,SL02,133.26,Finished Goods,AHMAD A. ABED FACTORY,45.0,1.0,45.0,,10.0,0.45,37.03,1666.35,>120 Days,20280920
20000108,BM RAISED DONUT MIX 10KG,6002,6000,Warehouse,SL02,134.26,Finished Goods,AHMAD A. ABED FACTORY,45.0,1.0,45.0,,10.0,0.45,37.03,1666.35,>120 Days,20280920
20000108,BM RAISED DONUT MIX 10KG,6002,6000,Warehouse,SL02,135.26,Finished Goods,AHMAD A. ABED FACTORY,45.0,1.0,45.0,,10.0,0.45,37.03,1666.35,>120 Days,20280920
20000108,BM RAISED DONUT MIX 10KG,6002,6000,Warehouse,SL02,136.26,Finished Goods,AHMAD A. ABED FACTORY,45.0,1.0,45.0,,10.0,0.45,37.03,1666.35,>120 Days,20280920
20000108,BM RAISED DONUT MIX 10KG,6002,6000,Warehouse,SL02,137.26,Finished Goods,AHMAD A. ABED FACTORY,45.0,1.0,45.0,,10.0,0.45,37.03,1666.35,>120 Days,20280920
20000108,BM RAISED DONUT MIX 10KG,6002,6000,Warehouse,SL02,138.26,Finished Goods,AHMAD A. ABED FACTORY,45.0,1.0,45.0,,10.0,0.45,37.03,1666.35,>120 Days,20280920
20000108,BM RAISED DONUT MIX 10KG,6002,6000,Warehouse,SL02,139.26,Finished Goods,AHMAD A. ABED FACTORY,45.0,1.0,45.0,,10.0,0.45,37.03,1666.35,>120 Days,20270920
20000108,BM RAISED DONUT MIX 10KG,6002,6000,Warehouse,SL02,140.26,Finished Goods,AHMAD A. ABED FACTORY,45.0,1.0,45.0,,10.0,0.45,37.03,1666.35,>120 Days,20280920
20000108,BM RAISED DONUT MIX 10KG,6002,6000,Warehouse,SL02,141.26,Finished Goods,AHMAD A. ABED FACTORY,45.0,1.0,45.0,,10.0,0.45,37.03,1666.35,>120 Days,20280920
20000108,BM RAISED DONUT MIX 10KG,6002,6000,Warehouse,SL02,142.26,Finished Goods,AHMAD A. ABED FACTORY,45.0,1.0,45.0,,10.0,0.45,37.03,1666.35,>120 Days,20280920
20000108,BM RAISED DONUT MIX 10KG,6002,6000,Warehouse,SL02,143.26,Finished Goods,AHMAD A. ABED FACTORY,45.0,1.0,45.0,,10.0,0.45,37.03,1666.35,>120 Days,20280920
20000108,BM RAISED DONUT MIX 10KG,6002,6000,Warehouse,SL02,144.26,Finished Goods,AHMAD A. ABED FACTORY,5.0,1.0,5.0,,10.0,0.05,37.03,185.15,>120 Days,20280920
20000108,BM RAISED DONUT MIX 10KG,6002,6000,Warehouse,SL02,145.26,Finished Goods,AHMAD A. ABED FACTORY,45.0,1.0,45.0,,10.0,0.45,37.03,1666.35,>120 Days,20280920
20000108,BM RAISED DONUT MIX 10KG,6002,6000,Warehouse,SL02,146.26,Finished Goods,AHMAD A. ABED FACTORY,45.0,1.0,45.0,,10.0,0.45,37.03,1666.35,>120 Days,20280920
20000108,BM RAISED DONUT MIX 10KG,6002,6000,Warehouse,SL02,147.26,Finished Goods,AHMAD A. ABED FACTORY,45.0,1.0,45.0,,10.0,0.45,37.03,1666.35,>120 Days,20280920
20000115,RED VELVET CAKE MIX 10KG,6002,6000,Warehouse,SL02,14.26,Finished Goods,,50.0,1.0,50.0,,10.0,0.5,73.77,3688.5,>120 Days,20271223
20000115,RED VELVET CAKE MIX 10KG,6002,6000,Warehouse,SL02,15.26,Finished Goods,,50.0,1.0,50.0,,10.0,0.5,73.77,3688.5,>120 Days,20271223
20000120,BM SILKY MAGIC ROLLING FONDANT BLACK 1KG,6002,6000,Warehouse,SL02,4.26,Finished Goods,,96.0,1.0,96.0,,1.0,0.096,12.13,1164.48,>120 Days,20280111
20000121,BM SILKY MAGIC ROLLING FONDANT BLUE 1KG,6002,6000,Warehouse,SL02,4.26,Finished Goods,AHMAD A. ABED FACTORY,84.0,1.0,84.0,,1.0,0.084,10.96,920.64,>120 Days,20280110
20000122,BM SILKY MAGIC ROLLING FONDANT GREEN 1KG,6002,6000,Warehouse,SL02,4.26,Finished Goods,AHMAD A. ABED FACTORY,75.0,1.0,75.0,,1.0,0.075,11.35,851.25,>120 Days,20280108
20000123,BM SILKY MAGIC ROLLING FONDANT RED 1KG,6002,6000,Warehouse,SL02,4.26,Finished Goods,AHMAD A. ABED FACTORY,88.0,1.0,88.0,,1.0,0.088,12.79,1125.52,>120 Days,20280110
20000124,SILKY MAGIC ROLLING FONDANT YELLOW 1KG,6002,6000,Warehouse,SL02,4.26,Finished Goods,AHMAD A. ABED FACTORY,84.0,1.0,84.0,,1.0,0.084,11.0,924.0,>120 Days,20280108
20000125,BM SILKY MAGIC ROLLING FONDANT WHITE 1KG,6002,6000,Warehouse,SL02,154.25,Finished Goods,AHMAD A. ABED FACTORY,169.0,1.0,169.0,,1.0,0.169,8.51,1438.19,>120 Days,20271106
20000125,BM SILKY MAGIC ROLLING FONDANT WHITE 1KG,6002,6000,Warehouse,SL02,214.25,Finished Goods,AHMAD A. ABED FACTORY,195.0,1.0,195.0,,1.0,0.195,8.51,1659.45,>120 Days,20270226
20000125,BM SILKY MAGIC ROLLING FONDANT WHITE 1KG,6002,6000,Warehouse,SL02,387.26,Finished Goods,AHMAD A. ABED FACTORY,20.0,1.0,20.0,,1.0,0.02,8.51,170.2,>120 Days,20280810
20000136,BM SUPER GATO SPONGE CONCENTRATE 10KG,6002,6000,Warehouse,SKEG,7.25,Finished Goods,AHMAD A. ABED FACTORY,21.0,1.0,21.0,,10.0,0.21,85.78,1801.38,Expired,20260710
20000136,BM SUPER GATO SPONGE CONCENTRATE 10KG,6002,6000,Warehouse,SL02,11.25,Finished Goods,AHMAD A. ABED FACTORY,7.0,1.0,7.0,,10.0,0.07,85.78,600.46,>120 Days,20270927
20000143,BM VASILCO 169 CAKE GEL PASTE 1KG,6002,6000,Warehouse,SKEG,510.24,Finished Goods,AHMAD A. ABED FACTORY,73.0,1.0,73.0,,1.0,0.073,11.65,850.45,Expired,20260616
20000146,BM WAFFLE MIX 1KG,6002,6000,Warehouse,SL02,54.26,Finished Goods,AHMAD A. ABED FACTORY,299.0,1.0,299.0,,1.0,0.299,4.17,1246.83,>120 Days,20280809
20000146,BM WAFFLE MIX 1KG,6002,6000,Warehouse,SL02,59.26,Finished Goods,AHMAD A. ABED FACTORY,400.0,1.0,400.0,,1.0,0.4,4.17,1668.0,>120 Days,20280320
20000146,BM WAFFLE MIX 1KG,6002,6000,Warehouse,SL02,60.26,Finished Goods,AHMAD A. ABED FACTORY,400.0,1.0,400.0,,1.0,0.4,4.17,1668.0,>120 Days,20280320
20000146,BM WAFFLE MIX 1KG,6002,6000,Warehouse,SL02,RM08,Finished Goods,AHMAD A. ABED FACTORY,10.0,1.0,10.0,,1.0,0.01,4.17,41.7,>120 Days,20280419
20000146,BM WAFFLE MIX 1KG,6002,6000,Warehouse,SL02,53.26,Finished Goods,AHMAD A. ABED FACTORY,201.0,1.0,201.0,,1.0,0.201,4.17,838.17,>120 Days,20280628
20000146,BM WAFFLE MIX 1KG,6002,6000,Warehouse,SL02,27.26,Finished Goods,AHMAD A. ABED FACTORY,300.0,1.0,300.0,,1.0,0.3,4.17,1251.0,>120 Days,20280419
20000157,BM ABED ICING SUGAR 1KG,6002,6000,Warehouse,SL02,RM158,Finished Goods,AHMAD A. ABED FACTORY,504.0,1.0,504.0,,1.0,0.504,4.58,2308.32,>120 Days,20271030
20000157,BM ABED ICING SUGAR 1KG,6002,6000,Warehouse,SL02,RM182,Finished Goods,AHMAD A. ABED FACTORY,500.0,1.0,500.0,,1.0,0.5,4.58,2290.0,>120 Days,20271111
20000157,BM ABED ICING SUGAR 1KG,6002,6000,Warehouse,SL02,RM183,Finished Goods,AHMAD A. ABED FACTORY,500.0,1.0,500.0,,1.0,0.5,4.58,2290.0,>120 Days,20271111
20000157,BM ABED ICING SUGAR 1KG,6002,6000,Warehouse,SL02,RM495,Finished Goods,AHMAD A. ABED FACTORY,500.0,1.0,500.0,,1.0,0.5,4.58,2290.0,>120 Days,20280811
20000157,BM ABED ICING SUGAR 1KG,6002,6000,Warehouse,SL02,RM496,Finished Goods,AHMAD A. ABED FACTORY,500.0,1.0,500.0,,1.0,0.5,4.58,2290.0,>120 Days,20280811
20000157,BM ABED ICING SUGAR 1KG,6002,6000,Warehouse,SL02,RM497,Finished Goods,AHMAD A. ABED FACTORY,500.0,1.0,500.0,,1.0,0.5,4.58,2290.0,>120 Days,20280811
20000157,BM ABED ICING SUGAR 1KG,6002,6000,Warehouse,SL02,RM498,Finished Goods,AHMAD A. ABED FACTORY,500.0,1.0,500.0,,1.0,0.5,4.58,2290.0,>120 Days,20280811
20000157,BM ABED ICING SUGAR 1KG,6002,6000,Warehouse,SL02,RM537,Finished Goods,AHMAD A. ABED FACTORY,500.0,1.0,500.0,,1.0,0.5,4.58,2290.0,>120 Days,20280904
20000157,BM ABED ICING SUGAR 1KG,6002,6000,Warehouse,SL02,RM538,Finished Goods,AHMAD A. ABED FACTORY,500.0,1.0,500.0,,1.0,0.5,4.58,2290.0,>120 Days,20280904
20000158,BM ABED ICING SUGAR 10KG,6002,6000,Warehouse,SL02,535.26,Finished Goods,AHMAD A. ABED FACTORY,50.0,1.0,50.0,,10.0,0.5,29.41,1470.5,>120 Days,20280902
20000158,BM ABED ICING SUGAR 10KG,6002,6000,Warehouse,SL02,534.26,Finished Goods,AHMAD A. ABED FACTORY,50.0,1.0,50.0,,10.0,0.5,29.41,1470.5,>120 Days,20280902
20000158,BM ABED ICING SUGAR 10KG,6002,6000,Warehouse,SL02,532.26,Finished Goods,AHMAD A. ABED FACTORY,15.0,1.0,15.0,,10.0,0.15,29.41,441.15,>120 Days,20280811
20000158,BM ABED ICING SUGAR 10KG,6002,6000,Warehouse,SL02,531.26,Finished Goods,AHMAD A. ABED FACTORY,45.0,1.0,45.0,,10.0,0.45,29.41,1323.45,>120 Days,20280811
20000158,BM ABED ICING SUGAR 10KG,6002,6000,Warehouse,SL02,530.26,Finished Goods,AHMAD A. ABED FACTORY,45.0,1.0,45.0,,10.0,0.45,29.41,1323.45,>120 Days,20280811
20000158,BM ABED ICING SUGAR 10KG,6002,6000,Warehouse,SL02,529.26,Finished Goods,AHMAD A. ABED FACTORY,45.0,1.0,45.0,,10.0,0.45,29.41,1323.45,>120 Days,20280811
20000158,BM ABED ICING SUGAR 10KG,6002,6000,Warehouse,SL02,528.26,Finished Goods,AHMAD A. ABED FACTORY,45.0,1.0,45.0,,10.0,0.45,29.41,1323.45,>120 Days,20280811
20000158,BM ABED ICING SUGAR 10KG,6002,6000,Warehouse,SL02,527.26,Finished Goods,AHMAD A. ABED FACTORY,45.0,1.0,45.0,,10.0,0.45,29.41,1323.45,>120 Days,20280811
20000158,BM ABED ICING SUGAR 10KG,6002,6000,Warehouse,SL02,526.26,Finished Goods,AHMAD A. ABED FACTORY,45.0,1.0,45.0,,10.0,0.45,29.41,1323.45,>120 Days,20280811
20000158,BM ABED ICING SUGAR 10KG,6002,6000,Warehouse,SL02,525.26,Finished Goods,AHMAD A. ABED FACTORY,45.0,1.0,45.0,,10.0,0.45,29.41,1323.45,>120 Days,20280811
20000158,BM ABED ICING SUGAR 10KG,6002,6000,Warehouse,SL02,524.26,Finished Goods,AHMAD A. ABED FACTORY,45.0,1.0,45.0,,10.0,0.45,29.41,1323.45,>120 Days,20280811
20000158,BM ABED ICING SUGAR 10KG,6002,6000,Warehouse,SL02,523.26,Finished Goods,AHMAD A. ABED FACTORY,45.0,1.0,45.0,,10.0,0.45,29.41,1323.45,>120 Days,20280811
20000158,BM ABED ICING SUGAR 10KG,6002,6000,Warehouse,SL02,522.26,Finished Goods,AHMAD A. ABED FACTORY,45.0,1.0,45.0,,10.0,0.45,29.41,1323.45,>120 Days,20280811
20000158,BM ABED ICING SUGAR 10KG,6002,6000,Warehouse,SL02,521.26,Finished Goods,AHMAD A. ABED FACTORY,45.0,1.0,45.0,,10.0,0.45,29.41,1323.45,>120 Days,20280811
20000158,BM ABED ICING SUGAR 10KG,6002,6000,Warehouse,SL02,520.26,Finished Goods,AHMAD A. ABED FACTORY,45.0,1.0,45.0,,10.0,0.45,29.41,1323.45,>120 Days,20280811
20000158,BM ABED ICING SUGAR 10KG,6002,6000,Warehouse,SL02,514.26,Finished Goods,AHMAD A. ABED FACTORY,45.0,1.0,45.0,,10.0,0.45,29.41,1323.45,>120 Days,20280811
20000158,BM ABED ICING SUGAR 10KG,6002,6000,Warehouse,SL02,513.26,Finished Goods,AHMAD A. ABED FACTORY,45.0,1.0,45.0,,10.0,0.45,29.41,1323.45,>120 Days,20280811
20000158,BM ABED ICING SUGAR 10KG,6002,6000,Warehouse,SL02,512.26,Finished Goods,AHMAD A. ABED FACTORY,45.0,1.0,45.0,,10.0,0.45,29.41,1323.45,>120 Days,20280811
20000158,BM ABED ICING SUGAR 10KG,6002,6000,Warehouse,SL02,511.26,Finished Goods,AHMAD A. ABED FACTORY,45.0,1.0,45.0,,10.0,0.45,29.41,1323.45,>120 Days,20280811
20000158,BM ABED ICING SUGAR 10KG,6002,6000,Warehouse,SL02,510.26,Finished Goods,AHMAD A. ABED FACTORY,45.0,1.0,45.0,,10.0,0.45,29.41,1323.45,>120 Days,20280811
20000158,BM ABED ICING SUGAR 10KG,6002,6000,Warehouse,SL02,509.26,Finished Goods,AHMAD A. ABED FACTORY,45.0,1.0,45.0,,10.0,0.45,29.41,1323.45,>120 Days,20280811
20000158,BM ABED ICING SUGAR 10KG,6002,6000,Warehouse,SL02,503.26,Finished Goods,AHMAD A. ABED FACTORY,20.0,1.0,20.0,,10.0,0.2,29.41,588.2,>120 Days,20280211
20000158,BM ABED ICING SUGAR 10KG,6002,6000,Warehouse,SL02,502.26,Finished Goods,AHMAD A. ABED FACTORY,40.0,1.0,40.0,,10.0,0.4,29.41,1176.4,>120 Days,20280811
20000158,BM ABED ICING SUGAR 10KG,6002,6000,Warehouse,SL02,501.26,Finished Goods,AHMAD A. ABED FACTORY,45.0,1.0,45.0,,10.0,0.45,29.41,1323.45,>120 Days,20280811
20000158,BM ABED ICING SUGAR 10KG,6002,6000,Warehouse,SL02,500.26,Finished Goods,AHMAD A. ABED FACTORY,45.0,1.0,45.0,,10.0,0.45,29.41,1323.45,>120 Days,20280811
20000158,BM ABED ICING SUGAR 10KG,6002,6000,Warehouse,SL02,499.26,Finished Goods,AHMAD A. ABED FACTORY,45.0,1.0,45.0,,10.0,0.45,29.41,1323.45,>120 Days,20280811
20000158,BM ABED ICING SUGAR 10KG,6002,6000,Warehouse,SL02,484.26,Finished Goods,AHMAD A. ABED FACTORY,45.0,1.0,45.0,,10.0,0.45,29.41,1323.45,>120 Days,20280211
20000158,BM ABED ICING SUGAR 10KG,6002,6000,Warehouse,SL02,482.26,Finished Goods,AHMAD A. ABED FACTORY,45.0,1.0,45.0,,10.0,0.45,29.41,1323.45,>120 Days,20280720
20000158,BM ABED ICING SUGAR 10KG,6002,6000,Warehouse,SL02,481.26,Finished Goods,AHMAD A. ABED FACTORY,45.0,1.0,45.0,,10.0,0.45,29.41,1323.45,>120 Days,20280720
20000158,BM ABED ICING SUGAR 10KG,6002,6000,Warehouse,SL02,480.26,Finished Goods,AHMAD A. ABED FACTORY,15.0,1.0,15.0,,10.0,0.15,29.41,441.15,>120 Days,20280720
20000158,BM ABED ICING SUGAR 10KG,6002,6000,Warehouse,SL02,315.26,Finished Goods,AHMAD A. ABED FACTORY,11.0,1.0,11.0,,10.0,0.11,29.41,323.51,>120 Days,20280111
20000158,BM ABED ICING SUGAR 10KG,6002,6000,Warehouse,SL02,314.26,Finished Goods,AHMAD A. ABED FACTORY,49.0,1.0,49.0,,10.0,0.49,29.41,1441.09,>120 Days,20280111
20000158,BM ABED ICING SUGAR 10KG,6002,6000,Warehouse,SL02,313.26,Finished Goods,AHMAD A. ABED FACTORY,10.0,1.0,10.0,,10.0,0.1,29.41,294.1,>120 Days,20280111
20000158,BM ABED ICING SUGAR 10KG,6002,6000,Warehouse,SL02,209.26,Finished Goods,AHMAD A. ABED FACTORY,45.0,1.0,45.0,,10.0,0.45,29.41,1323.45,>120 Days,20271111
20000158,BM ABED ICING SUGAR 10KG,6002,6000,Warehouse,SL02,208.26,Finished Goods,AHMAD A. ABED FACTORY,45.0,1.0,45.0,,10.0,0.45,29.41,1323.45,>120 Days,20271111
20000158,BM ABED ICING SUGAR 10KG,6002,6000,Warehouse,SL02,207.26,Finished Goods,AHMAD A. ABED FACTORY,45.0,1.0,45.0,,10.0,0.45,29.41,1323.45,>120 Days,20271111
20000162,BM BEDO CROISSANT MIX 25KG,6002,6000,Warehouse,SL02,2.25,Finished Goods,,25.0,1.0,25.0,,25.0,0.625,65.6,1640.0,91-120,20270108
20000178,BM DELUXE HI-SPONGE CAKE CONCENTRATE 1KG,6002,6000,Warehouse,SL02,RM134,Finished Goods,AHMAD A. ABED FACTORY,60.0,1.0,60.0,,1.0,0.06,8.7,522.0,>120 Days,20271118
20000190,BM NEOVANIL POWDER 250G,6002,6000,Warehouse,SL02,RM328,Finished Goods,AHMAD A. ABED FACTORY,1269.0,18.0,70.5,,0.25,0.317,8.68,11014.92,>120 Days,20271118
20000194,BM PATISSIERE COLD CUSTARD 1KG,6002,6000,Warehouse,SL02,RM92,Finished Goods,,278.0,1.0,278.0,,1.0,0.278,9.64,2679.92,31-60,20261031
20000199,ZEELANDIA RAP FINE CREAM PATISSIERE 10KG,6002,6000,Warehouse,SL02,49.26,Finished Goods,AHMAD A. ABED FACTORY,2.0,1.0,2.0,,10.0,0.02,80.19,160.38,>120 Days,20280214
20000209,BM ABED GELATINE POWDER 700GM,6002,6000,Warehouse,SL02,RM430,Finished Goods,AHMAD A. ABED FACTORY,232.0,8.0,29.0,,0.7,0.162,18.2,4222.4,>120 Days,20271119
20000211,BM ALMOND MACARON MIX 10KG,6002,6000,Warehouse,SL02,RM625,Finished Goods,,15.0,1.0,15.0,,10.0,0.15,228.62,3429.3,91-120,20270107
20000213,BM RAMCO VANILLA CAKE MIX 1KG,6002,6000,Warehouse,SL02,RM162,Finished Goods,AHMAD A. ABED FACTORY,400.0,1.0,400.0,,1.0,0.4,6.73,2692.0,>120 Days,20271011
20000213,BM RAMCO VANILLA CAKE MIX 1KG,6002,6000,Warehouse,SL02,RM163,Finished Goods,AHMAD A. ABED FACTORY,500.0,1.0,500.0,,1.0,0.5,6.73,3365.0,>120 Days,20271011
20000213,BM RAMCO VANILLA CAKE MIX 1KG,6002,6000,Warehouse,SL02,RM363,Finished Goods,AHMAD A. ABED FACTORY,500.0,1.0,500.0,,1.0,0.5,6.73,3365.0,>120 Days,20280804
20000213,BM RAMCO VANILLA CAKE MIX 1KG,6002,6000,Warehouse,SL02,RM364,Finished Goods,AHMAD A. ABED FACTORY,500.0,1.0,500.0,,1.0,0.5,6.73,3365.0,>120 Days,20280804
20000213,BM RAMCO VANILLA CAKE MIX 1KG,6002,6000,Warehouse,SL02,RM376,Finished Goods,AHMAD A. ABED FACTORY,500.0,1.0,500.0,,1.0,0.5,6.73,3365.0,>120 Days,20280804
20000213,BM RAMCO VANILLA CAKE MIX 1KG,6002,6000,Warehouse,SL02,RM377,Finished Goods,AHMAD A. ABED FACTORY,500.0,1.0,500.0,,1.0,0.5,6.73,3365.0,>120 Days,20280804
20000213,BM RAMCO VANILLA CAKE MIX 1KG,6002,6000,Warehouse,SL02,RM427,Finished Goods,AHMAD A. ABED FACTORY,590.0,1.0,590.0,,1.0,0.59,6.73,3970.7,>120 Days,20270314
20000215,BM BEX BAKING POWDER 5KG,6002,6000,Warehouse,SL02,RM1161,Finished Goods,AHMAD A. ABED FACTORY,60.0,1.0,60.0,,5.0,0.3,25.59,1535.4,>120 Days,20271025
20000215,BM BEX BAKING POWDER 5KG,6002,6000,Warehouse,SL02,RM1780,Finished Goods,AHMAD A. ABED FACTORY,100.0,1.0,100.0,,5.0,0.5,25.59,2559.0,>120 Days,20280815
20000215,BM BEX BAKING POWDER 5KG,6002,6000,Warehouse,SL02,RM1781,Finished Goods,AHMAD A. ABED FACTORY,100.0,1.0,100.0,,5.0,0.5,25.59,2559.0,>120 Days,20280815
20000215,BM BEX BAKING POWDER 5KG,6002,6000,Warehouse,SL02,RM1782,Finished Goods,AHMAD A. ABED FACTORY,100.0,1.0,100.0,,5.0,0.5,25.59,2559.0,>120 Days,20280815
20000215,BM BEX BAKING POWDER 5KG,6002,6000,Warehouse,SL02,RM1784,Finished Goods,AHMAD A. ABED FACTORY,100.0,1.0,100.0,,5.0,0.5,25.59,2559.0,>120 Days,20280815
20000215,BM BEX BAKING POWDER 5KG,6002,6000,Warehouse,SL02,RM1786,Finished Goods,AHMAD A. ABED FACTORY,100.0,1.0,100.0,,5.0,0.5,25.59,2559.0,>120 Days,20280815
20000215,BM BEX BAKING POWDER 5KG,6002,6000,Warehouse,SL02,RM1789,Finished Goods,AHMAD A. ABED FACTORY,100.0,1.0,100.0,,5.0,0.5,25.59,2559.0,>120 Days,20280815
20000215,BM BEX BAKING POWDER 5KG,6002,6000,Warehouse,SL02,RM1790,Finished Goods,AHMAD A. ABED FACTORY,100.0,1.0,100.0,,5.0,0.5,25.59,2559.0,>120 Days,20280815
20000215,BM BEX BAKING POWDER 5KG,6002,6000,Warehouse,SL02,RM1791,Finished Goods,AHMAD A. ABED FACTORY,100.0,1.0,100.0,,5.0,0.5,25.59,2559.0,>120 Days,20280815
20000215,BM BEX BAKING POWDER 5KG,6002,6000,Warehouse,SL02,RM638,Finished Goods,AHMAD A. ABED FACTORY,100.0,1.0,100.0,,5.0,0.5,25.59,2559.0,>120 Days,20271025
20000215,BM BEX BAKING POWDER 5KG,6002,6000,Warehouse,SL02,RM639,Finished Goods,AHMAD A. ABED FACTORY,100.0,1.0,100.0,,5.0,0.5,25.59,2559.0,>120 Days,20271025
20000215,BM BEX BAKING POWDER 5KG,6002,6000,Warehouse,SL02,RM892,Finished Goods,AHMAD A. ABED FACTORY,25.0,1.0,25.0,,5.0,0.125,25.59,639.75,>120 Days,20271025
20000215,BM BEX BAKING POWDER 5KG,6002,6000,Warehouse,SL02,RM895,Finished Goods,AHMAD A. ABED FACTORY,175.0,1.0,175.0,,5.0,0.875,25.59,4478.25,>120 Days,20271025
20000215,BM BEX BAKING POWDER 5KG,6002,6000,Warehouse,SL02,RM898,Finished Goods,AHMAD A. ABED FACTORY,50.0,1.0,50.0,,5.0,0.25,25.59,1279.5,>120 Days,20271025
20000215,BM BEX BAKING POWDER 5KG,6002,6000,Warehouse,SL02,RM905,Finished Goods,AHMAD A. ABED FACTORY,75.0,1.0,75.0,,5.0,0.375,25.59,1919.25,>120 Days,20271025
20000215,BM BEX BAKING POWDER 5KG,6002,6000,Warehouse,SL02,RM906,Finished Goods,AHMAD A. ABED FACTORY,100.0,1.0,100.0,,5.0,0.5,25.59,2559.0,>120 Days,20271025
20000215,BM BEX BAKING POWDER 5KG,6002,6000,Warehouse,SL02,RM909,Finished Goods,AHMAD A. ABED FACTORY,25.0,1.0,25.0,,5.0,0.125,25.59,639.75,>120 Days,20271025
20000215,BM BEX BAKING POWDER 5KG,6002,6000,Warehouse,SL02,RM917,Finished Goods,AHMAD A. ABED FACTORY,50.0,1.0,50.0,,5.0,0.25,25.59,1279.5,>120 Days,20271025
20000215,BM BEX BAKING POWDER 5KG,6002,6000,Warehouse,SL02,RM924,Finished Goods,AHMAD A. ABED FACTORY,75.0,1.0,75.0,,5.0,0.375,25.59,1919.25,>120 Days,20271025
20000215,BM BEX BAKING POWDER 5KG,6002,6000,Warehouse,SL02,RM933,Finished Goods,AHMAD A. ABED FACTORY,50.0,1.0,50.0,,5.0,0.25,25.59,1279.5,>120 Days,20271025
20000215,BM BEX BAKING POWDER 5KG,6002,6000,Warehouse,SL02,RM934,Finished Goods,AHMAD A. ABED FACTORY,50.0,1.0,50.0,,5.0,0.25,25.59,1279.5,>120 Days,20271025
20000215,BM BEX BAKING POWDER 5KG,6002,6000,Warehouse,SL02,RM939,Finished Goods,AHMAD A. ABED FACTORY,50.0,1.0,50.0,,5.0,0.25,25.59,1279.5,>120 Days,20271025
20000215,BM BEX BAKING POWDER 5KG,6002,6000,Warehouse,SL02,RM951,Finished Goods,AHMAD A. ABED FACTORY,50.0,1.0,50.0,,5.0,0.25,25.59,1279.5,>120 Days,20271025
20000215,BM BEX BAKING POWDER 5KG,6002,6000,Warehouse,SL02,RM952,Finished Goods,AHMAD A. ABED FACTORY,50.0,1.0,50.0,,5.0,0.25,25.59,1279.5,>120 Days,20271025
20000215,BM BEX BAKING POWDER 5KG,6002,6000,Warehouse,SL02,RM953,Finished Goods,AHMAD A. ABED FACTORY,50.0,1.0,50.0,,5.0,0.25,25.59,1279.5,>120 Days,20271025
20000215,BM BEX BAKING POWDER 5KG,6002,6000,Warehouse,SL02,RM956,Finished Goods,AHMAD A. ABED FACTORY,50.0,1.0,50.0,,5.0,0.25,25.59,1279.5,>120 Days,20271025
20000215,BM BEX BAKING POWDER 5KG,6002,6000,Warehouse,SL02,RM957,Finished Goods,AHMAD A. ABED FACTORY,15.0,1.0,15.0,,5.0,0.075,25.59,383.85,>120 Days,20271025
20000215,BM BEX BAKING POWDER 5KG,6002,6000,Warehouse,SL02,RM960,Finished Goods,AHMAD A. ABED FACTORY,75.0,1.0,75.0,,5.0,0.375,25.59,1919.25,>120 Days,20271025
20000215,BM BEX BAKING POWDER 5KG,6002,6000,Warehouse,SL02,RM961,Finished Goods,AHMAD A. ABED FACTORY,25.0,1.0,25.0,,5.0,0.125,25.59,639.75,>120 Days,20271025
20000215,BM BEX BAKING POWDER 5KG,6002,6000,Warehouse,SL02,RM962,Finished Goods,AHMAD A. ABED FACTORY,75.0,1.0,75.0,,5.0,0.375,25.59,1919.25,>120 Days,20271025
20000215,BM BEX BAKING POWDER 5KG,6002,6000,Warehouse,SL02,RM969,Finished Goods,AHMAD A. ABED FACTORY,125.0,1.0,125.0,,5.0,0.625,25.59,3198.75,>120 Days,20271025
20000215,BM BEX BAKING POWDER 5KG,6002,6000,Warehouse,SL02,RM971,Finished Goods,AHMAD A. ABED FACTORY,18.0,1.0,18.0,,5.0,0.09,25.59,460.62,>120 Days,20271025
20000215,BM BEX BAKING POWDER 5KG,6002,6000,Warehouse,SL02,RM974,Finished Goods,AHMAD A. ABED FACTORY,75.0,1.0,75.0,,5.0,0.375,25.59,1919.25,>120 Days,20271025
20000215,BM BEX BAKING POWDER 5KG,6002,6000,Warehouse,SL02,RM975,Finished Goods,AHMAD A. ABED FACTORY,50.0,1.0,50.0,,5.0,0.25,25.59,1279.5,>120 Days,20271025
20000215,BM BEX BAKING POWDER 5KG,6002,6000,Warehouse,SL02,RM1157,Finished Goods,AHMAD A. ABED FACTORY,50.0,1.0,50.0,,5.0,0.25,25.59,1279.5,>120 Days,20271025
20000215,BM BEX BAKING POWDER 5KG,6002,6000,Warehouse,SL02,RM1144,Finished Goods,AHMAD A. ABED FACTORY,50.0,1.0,50.0,,5.0,0.25,25.59,1279.5,>120 Days,20271025
20000215,BM BEX BAKING POWDER 5KG,6002,6000,Warehouse,SL02,RM1143,Finished Goods,AHMAD A. ABED FACTORY,50.0,1.0,50.0,,5.0,0.25,25.59,1279.5,>120 Days,20271025
20000215,BM BEX BAKING POWDER 5KG,6002,6000,Warehouse,SL02,RM1140,Finished Goods,AHMAD A. ABED FACTORY,150.0,1.0,150.0,,5.0,0.75,25.59,3838.5,>120 Days,20271025
20000215,BM BEX BAKING POWDER 5KG,6002,6000,Warehouse,SL02,RM1139,Finished Goods,AHMAD A. ABED FACTORY,50.0,1.0,50.0,,5.0,0.25,25.59,1279.5,>120 Days,20271025
20000215,BM BEX BAKING POWDER 5KG,6002,6000,Warehouse,SL02,RM1132,Finished Goods,AHMAD A. ABED FACTORY,50.0,1.0,50.0,,5.0,0.25,25.59,1279.5,>120 Days,20271025
20000215,BM BEX BAKING POWDER 5KG,6002,6000,Warehouse,SL02,RM1122,Finished Goods,AHMAD A. ABED FACTORY,50.0,1.0,50.0,,5.0,0.25,25.59,1279.5,>120 Days,20271025
20000215,BM BEX BAKING POWDER 5KG,6002,6000,Warehouse,SL02,RM1119,Finished Goods,AHMAD A. ABED FACTORY,50.0,1.0,50.0,,5.0,0.25,25.59,1279.5,>120 Days,20271025
20000215,BM BEX BAKING POWDER 5KG,6002,6000,Warehouse,SL02,RM1115,Finished Goods,AHMAD A. ABED FACTORY,50.0,1.0,50.0,,5.0,0.25,25.59,1279.5,>120 Days,20271025
20000215,BM BEX BAKING POWDER 5KG,6002,6000,Warehouse,SL02,RM1112,Finished Goods,AHMAD A. ABED FACTORY,50.0,1.0,50.0,,5.0,0.25,25.59,1279.5,>120 Days,20271025
20000215,BM BEX BAKING POWDER 5KG,6002,6000,Warehouse,SL02,RM1109,Finished Goods,AHMAD A. ABED FACTORY,100.0,1.0,100.0,,5.0,0.5,25.59,2559.0,>120 Days,20271025
20000215,BM BEX BAKING POWDER 5KG,6002,6000,Warehouse,SL02,RM1106,Finished Goods,AHMAD A. ABED FACTORY,50.0,1.0,50.0,,5.0,0.25,25.59,1279.5,>120 Days,20271025
20000215,BM BEX BAKING POWDER 5KG,6002,6000,Warehouse,SL02,RM1101,Finished Goods,AHMAD A. ABED FACTORY,50.0,1.0,50.0,,5.0,0.25,25.59,1279.5,>120 Days,20271025
20000215,BM BEX BAKING POWDER 5KG,6002,6000,Warehouse,SL02,RM1093,Finished Goods,AHMAD A. ABED FACTORY,75.0,1.0,75.0,,5.0,0.375,25.59,1919.25,>120 Days,20271025
20000215,BM BEX BAKING POWDER 5KG,6002,6000,Warehouse,SL02,RM1091,Finished Goods,AHMAD A. ABED FACTORY,50.0,1.0,50.0,,5.0,0.25,25.59,1279.5,>120 Days,20271025
20000215,BM BEX BAKING POWDER 5KG,6002,6000,Warehouse,SL02,RM1089,Finished Goods,AHMAD A. ABED FACTORY,50.0,1.0,50.0,,5.0,0.25,25.59,1279.5,>120 Days,20271025
20000215,BM BEX BAKING POWDER 5KG,6002,6000,Warehouse,SL02,RM1087,Finished Goods,AHMAD A. ABED FACTORY,50.0,1.0,50.0,,5.0,0.25,25.59,1279.5,>120 Days,20271025
20000215,BM BEX BAKING POWDER 5KG,6002,6000,Warehouse,SL02,RM1086,Finished Goods,AHMAD A. ABED FACTORY,50.0,1.0,50.0,,5.0,0.25,25.59,1279.5,>120 Days,20271025
20000215,BM BEX BAKING POWDER 5KG,6002,6000,Warehouse,SL02,RM1085,Finished Goods,AHMAD A. ABED FACTORY,50.0,1.0,50.0,,5.0,0.25,25.59,1279.5,>120 Days,20271025
20000215,BM BEX BAKING POWDER 5KG,6002,6000,Warehouse,SL02,RM1084,Finished Goods,AHMAD A. ABED FACTORY,75.0,1.0,75.0,,5.0,0.375,25.59,1919.25,>120 Days,20271025
20000215,BM BEX BAKING POWDER 5KG,6002,6000,Warehouse,SL02,RM1079,Finished Goods,AHMAD A. ABED FACTORY,100.0,1.0,100.0,,5.0,0.5,25.59,2559.0,>120 Days,20271025
20000215,BM BEX BAKING POWDER 5KG,6002,6000,Warehouse,SL02,RM1069,Finished Goods,AHMAD A. ABED FACTORY,53.0,1.0,53.0,,5.0,0.265,25.59,1356.27,>120 Days,20271025
20000215,BM BEX BAKING POWDER 5KG,6002,6000,Warehouse,SL02,RM1068,Finished Goods,AHMAD A. ABED FACTORY,100.0,1.0,100.0,,5.0,0.5,25.59,2559.0,>120 Days,20271025
20000215,BM BEX BAKING POWDER 5KG,6002,6000,Warehouse,SL02,RM1067,Finished Goods,AHMAD A. ABED FACTORY,100.0,1.0,100.0,,5.0,0.5,25.59,2559.0,>120 Days,20271025
20000215,BM BEX BAKING POWDER 5KG,6002,6000,Warehouse,SL02,RM1065,Finished Goods,AHMAD A. ABED FACTORY,40.0,1.0,40.0,,5.0,0.2,25.59,1023.6,>120 Days,20271025
20000215,BM BEX BAKING POWDER 5KG,6002,6000,Warehouse,SL02,RM1064,Finished Goods,AHMAD A. ABED FACTORY,100.0,1.0,100.0,,5.0,0.5,25.59,2559.0,>120 Days,20271025
20000215,BM BEX BAKING POWDER 5KG,6002,6000,Warehouse,SL02,RM1063,Finished Goods,AHMAD A. ABED FACTORY,25.0,1.0,25.0,,5.0,0.125,25.59,639.75,>120 Days,20271025
20000215,BM BEX BAKING POWDER 5KG,6002,6000,Warehouse,SL02,RM1062,Finished Goods,AHMAD A. ABED FACTORY,125.0,1.0,125.0,,5.0,0.625,25.59,3198.75,>120 Days,20271025
20000215,BM BEX BAKING POWDER 5KG,6002,6000,Warehouse,SL02,RM1053,Finished Goods,AHMAD A. ABED FACTORY,50.0,1.0,50.0,,5.0,0.25,25.59,1279.5,>120 Days,20271025
20000215,BM BEX BAKING POWDER 5KG,6002,6000,Warehouse,SL02,RM1052,Finished Goods,AHMAD A. ABED FACTORY,75.0,1.0,75.0,,5.0,0.375,25.59,1919.25,>120 Days,20271025
20000215,BM BEX BAKING POWDER 5KG,6002,6000,Warehouse,SL02,RM1015,Finished Goods,AHMAD A. ABED FACTORY,75.0,1.0,75.0,,5.0,0.375,25.59,1919.25,>120 Days,20271025
20000215,BM BEX BAKING POWDER 5KG,6002,6000,Warehouse,SL02,RM1008,Finished Goods,AHMAD A. ABED FACTORY,50.0,1.0,50.0,,5.0,0.25,25.59,1279.5,>120 Days,20271025
20000215,BM BEX BAKING POWDER 5KG,6002,6000,Warehouse,SL02,RM1002,Finished Goods,AHMAD A. ABED FACTORY,50.0,1.0,50.0,,5.0,0.25,25.59,1279.5,>120 Days,20271025
20000215,BM BEX BAKING POWDER 5KG,6002,6000,Warehouse,SL02,RM1001,Finished Goods,AHMAD A. ABED FACTORY,50.0,1.0,50.0,,5.0,0.25,25.59,1279.5,>120 Days,20271025
20000215,BM BEX BAKING POWDER 5KG,6002,6000,Warehouse,SL02,RM983,Finished Goods,AHMAD A. ABED FACTORY,50.0,1.0,50.0,,5.0,0.25,25.59,1279.5,>120 Days,20271025
20000215,BM BEX BAKING POWDER 5KG,6002,6000,Warehouse,SL02,RM984,Finished Goods,AHMAD A. ABED FACTORY,25.0,1.0,25.0,,5.0,0.125,25.59,639.75,>120 Days,20271025
20000230,BM CHOCOLATE ICE CREAM 1KG,6002,6000,Warehouse,SL02,RM01.26,Finished Goods,,360.0,1.0,360.0,,1.0,0.36,17.04,6134.4,>120 Days,20280919
20000231,BM CHOCOLATE ICE CREAM MIX 5KG,6002,6000,Warehouse,SL02,RM01.26,Finished Goods,AHMAD A. ABED FACTORY,30.0,1.0,30.0,,5.0,0.15,68.14,2044.2,>120 Days,20280319
20000232,BM CHOCOLATE MUFFIN MIX 1KG,6002,6000,Warehouse,SL02,RM49.25,Finished Goods,AHMAD A. ABED FACTORY,514.0,1.0,514.0,,1.0,0.514,7.18,3690.52,>120 Days,20270331
20000232,BM CHOCOLATE MUFFIN MIX 1KG,6002,6000,Warehouse,SL02,RM50.25,Finished Goods,AHMAD A. ABED FACTORY,148.0,1.0,148.0,,1.0,0.148,7.18,1062.64,>120 Days,20270331
20000236,BM CINNAMON ROLLS MIX 1KG,6002,6000,Warehouse,SL02,RM06,Finished Goods,AHMAD A. ABED FACTORY,100.0,1.0,100.0,,1.0,0.1,4.33,433.0,>120 Days,20271130
20000237,BM CREAM CARAMEL MIX 5KG,6002,6000,Warehouse,SL02,45.26,Finished Goods,AHMAD A. ABED FACTORY,30.0,1.0,30.0,,5.0,0.15,55.69,1670.7,>120 Days,20271029
20000238,BM CREAM CHANTILLE 1KG,6002,6000,Warehouse,SL02,RM781,Finished Goods,AHMAD A. ABED FACTORY,648.0,1.0,648.0,,1.0,0.648,10.09,6538.32,>120 Days,20270929
20000238,BM CREAM CHANTILLE 1KG,6002,6000,Warehouse,SL02,RM780,Finished Goods,AHMAD A. ABED FACTORY,648.0,1.0,648.0,,1.0,0.648,10.09,6538.32,>120 Days,20270929
20000238,BM CREAM CHANTILLE 1KG,6002,6000,Warehouse,SL02,RM751,Finished Goods,AHMAD A. ABED FACTORY,484.0,1.0,484.0,,1.0,0.484,10.09,4883.56,>120 Days,20270929
20000238,BM CREAM CHANTILLE 1KG,6002,6000,Warehouse,SL02,RM2115,Finished Goods,AHMAD A. ABED FACTORY,648.0,1.0,648.0,,1.0,0.648,10.09,6538.32,>120 Days,20270617
20000238,BM CREAM CHANTILLE 1KG,6002,6000,Warehouse,SL02,RM1911,Finished Goods,AHMAD A. ABED FACTORY,348.0,1.0,348.0,,1.0,0.348,10.09,3511.32,>120 Days,20270420
20000238,BM CREAM CHANTILLE 1KG,6002,6000,Warehouse,SL02,RM1896,Finished Goods,AHMAD A. ABED FACTORY,450.0,1.0,450.0,,1.0,0.45,10.09,4540.5,>120 Days,20280908
20000238,BM CREAM CHANTILLE 1KG,6002,6000,Warehouse,SL02,RM1895,Finished Goods,AHMAD A. ABED FACTORY,250.0,1.0,250.0,,1.0,0.25,10.09,2522.5,>120 Days,20280908
20000238,BM CREAM CHANTILLE 1KG,6002,6000,Warehouse,SL02,RM1894,Finished Goods,AHMAD A. ABED FACTORY,450.0,1.0,450.0,,1.0,0.45,10.09,4540.5,>120 Days,20280908
20000238,BM CREAM CHANTILLE 1KG,6002,6000,Warehouse,SL02,RM1893,Finished Goods,AHMAD A. ABED FACTORY,450.0,1.0,450.0,,1.0,0.45,10.09,4540.5,>120 Days,20280908
20000238,BM CREAM CHANTILLE 1KG,6002,6000,Warehouse,SL02,RM1892,Finished Goods,AHMAD A. ABED FACTORY,450.0,1.0,450.0,,1.0,0.45,10.09,4540.5,>120 Days,20280908
20000238,BM CREAM CHANTILLE 1KG,6002,6000,Warehouse,SL02,RM1891,Finished Goods,AHMAD A. ABED FACTORY,450.0,1.0,450.0,,1.0,0.45,10.09,4540.5,>120 Days,20280908
20000238,BM CREAM CHANTILLE 1KG,6002,6000,Warehouse,SL02,RM1877,Finished Goods,AHMAD A. ABED FACTORY,300.0,1.0,300.0,,1.0,0.3,10.09,3027.0,>120 Days,20280809
20000238,BM CREAM CHANTILLE 1KG,6002,6000,Warehouse,SL02,RM1577,Finished Goods,AHMAD A. ABED FACTORY,500.0,1.0,500.0,,1.0,0.5,10.09,5045.0,>120 Days,20271113
20000238,BM CREAM CHANTILLE 1KG,6002,6000,Warehouse,SL02,RM1576,Finished Goods,AHMAD A. ABED FACTORY,500.0,1.0,500.0,,1.0,0.5,10.09,5045.0,>120 Days,20271113
20000238,BM CREAM CHANTILLE 1KG,6002,6000,Warehouse,SL02,RM1575,Finished Goods,AHMAD A. ABED FACTORY,600.0,1.0,600.0,,1.0,0.6,10.09,6054.0,>120 Days,20271113
20000238,BM CREAM CHANTILLE 1KG,6002,6000,Warehouse,SL02,RM1574,Finished Goods,AHMAD A. ABED FACTORY,600.0,1.0,600.0,,1.0,0.6,10.09,6054.0,>120 Days,20271113
20000238,BM CREAM CHANTILLE 1KG,6002,6000,Warehouse,SL02,RM1317,Finished Goods,AHMAD A. ABED FACTORY,648.0,1.0,648.0,,1.0,0.648,10.09,6538.32,>120 Days,20271024
20000238,BM CREAM CHANTILLE 1KG,6002,6000,Warehouse,SL02,RM1316,Finished Goods,AHMAD A. ABED FACTORY,500.0,1.0,500.0,,1.0,0.5,10.09,5045.0,>120 Days,20271024
20000244,CROISSANT MIX 10KG,6002,6000,Warehouse,SL02,1.26,Finished Goods,,1.0,1.0,1.0,,10.0,0.01,37.54,37.54,>120 Days,20270716
20000249,BM DOUGH HAMMER SOFT 8X500GM,6002,6000,Warehouse,SL02,RM510,Finished Goods,AHMAD A. ABED FACTORY,88.0,8.0,11.0,,0.5,0.044,4.59,403.92,>120 Days,20271116
20000249,BM DOUGH HAMMER SOFT 8X500GM,6002,6000,Warehouse,SL02,RM511,Finished Goods,AHMAD A. ABED FACTORY,504.0,8.0,63.0,,0.5,0.252,4.59,2313.36,>120 Days,20280516
20000249,BM DOUGH HAMMER SOFT 8X500GM,6002,6000,Warehouse,SL02,RM512,Finished Goods,AHMAD A. ABED FACTORY,368.0,8.0,46.0,,0.5,0.184,4.59,1689.12,>120 Days,20271116
20000277,BM HEART DREAM 7 STAR CHOCO 1KG,6002,6000,Warehouse,SL02,RM490,Finished Goods,AHMAD A. ABED FACTORY,100.0,1.0,100.0,,1.0,0.1,6.75,675.0,>120 Days,20280817
20000277,BM HEART DREAM 7 STAR CHOCO 1KG,6002,6000,Warehouse,SL02,RM491,Finished Goods,AHMAD A. ABED FACTORY,400.0,1.0,400.0,,1.0,0.4,6.75,2700.0,>120 Days,20280817
20000300,BM LIQUID GLUCOSE 5KG,6002,6000,Warehouse,SL02,RM728,Finished Goods,AHMAD A. ABED FACTORY,300.0,1.0,300.0,,5.0,1.5,18.68,5604.0,>120 Days,20280907
20000303,BM MASTER COCOA POWDER 10-12% FAT 5KG,6002,6000,Warehouse,SL02,RM628,Finished Goods,AHMAD A. ABED FACTORY,750.0,1.0,750.0,,5.0,3.75,138.72,104040.0,>120 Days,20280320
20000322,BM PURE BAKING SODA 100GM,6002,6000,Warehouse,SL02,RM328,Finished Goods,AHMAD A. ABED FACTORY,108.0,54.0,2.0,,0.1,0.011,1.49,160.92,>120 Days,20280613
20000327,BM ZEELANDIA RAP COLD CUSTARD 10KG,6002,6000,Warehouse,SL02,94.26,Finished Goods,AHMAD A. ABED FACTORY,2.0,1.0,2.0,,10.0,0.02,87.86,175.72,>120 Days,20280217
20000328,ZEELANDIA RAP COLD CUSTARD 1KG,6002,6000,Warehouse,SL02,RM146,Finished Goods,AHMAD A. ABED FACTORY,22.0,1.0,22.0,,1.0,0.022,10.38,228.36,>120 Days,20271004
20000328,ZEELANDIA RAP COLD CUSTARD 1KG,6002,6000,Warehouse,SL02,RM160,Finished Goods,AHMAD A. ABED FACTORY,300.0,1.0,300.0,,1.0,0.3,10.38,3114.0,>120 Days,20271004
20000331,BAKEMATE RED VELVET SPONGE CAKE MIX 1KG,6002,6000,Warehouse,SL02,RM11,Finished Goods,,50.0,1.0,50.0,,1.0,0.05,8.49,424.5,>120 Days,20271224
20000332,BM RED VELVET CAKE MIX 25KG,6002,6000,Warehouse,SL02,2.25,Finished Goods,AHMAD A. ABED FACTORY,20.0,1.0,20.0,,25.0,0.5,191.67,3833.4,91-120,20270108
20000343,BM SILKY MAGIC ROLLING FONDANT WHITE 5KG,6002,6000,Warehouse,SL02,342.26,Finished Goods,AHMAD A. ABED FACTORY,3.0,1.0,3.0,,5.0,0.015,38.01,114.03,>120 Days,20280808
20000343,BM SILKY MAGIC ROLLING FONDANT WHITE 5KG,6002,6000,Warehouse,SL02,343.26,Finished Goods,AHMAD A. ABED FACTORY,29.0,1.0,29.0,,5.0,0.145,38.01,1102.29,>120 Days,20280808
20000343,BM SILKY MAGIC ROLLING FONDANT WHITE 5KG,6002,6000,Warehouse,SL02,356.26,Finished Goods,AHMAD A. ABED FACTORY,10.0,1.0,10.0,,5.0,0.05,38.01,380.1,>120 Days,20280808
20000343,BM SILKY MAGIC ROLLING FONDANT WHITE 5KG,6002,6000,Warehouse,SL02,345.26,Finished Goods,AHMAD A. ABED FACTORY,29.0,1.0,29.0,,5.0,0.145,38.01,1102.29,>120 Days,20280808
20000343,BM SILKY MAGIC ROLLING FONDANT WHITE 5KG,6002,6000,Warehouse,SL02,344.26,Finished Goods,AHMAD A. ABED FACTORY,29.0,1.0,29.0,,5.0,0.145,38.01,1102.29,>120 Days,20280808
20000348,BM VANILLA ICE CREAM MIX 1KG,6002,6000,Warehouse,SL02,RM10.25,Finished Goods,AHMAD A. ABED FACTORY,524.0,1.0,524.0,,1.0,0.524,16.46,8625.04,91-120,20270106
20000348,BM VANILLA ICE CREAM MIX 1KG,6002,6000,Warehouse,SL02,RM09.25,Finished Goods,AHMAD A. ABED FACTORY,500.0,1.0,500.0,,1.0,0.5,16.46,8230.0,91-120,20270106
20000348,BM VANILLA ICE CREAM MIX 1KG,6002,6000,Warehouse,SL02,RM0326,Finished Goods,AHMAD A. ABED FACTORY,360.0,1.0,360.0,,1.0,0.36,16.46,5925.6,>120 Days,20280319
20000348,BM VANILLA ICE CREAM MIX 1KG,6002,6000,Warehouse,SL02,RM03.25,Finished Goods,AHMAD A. ABED FACTORY,32.0,1.0,32.0,,1.0,0.032,16.46,526.72,91-120,20270106
20000349,BM VANILLA ICE CREAM MIX 5KG,6002,6000,Warehouse,SL02,RM0326,Finished Goods,AHMAD A. ABED FACTORY,30.0,1.0,30.0,,5.0,0.15,74.63,2238.9,>120 Days,20280319
20000351,BM VASILCO 169 CAKE GEL PASTE 10KG,6002,6000,Warehouse,SKEG,162.25,Finished Goods,AHMAD A. ABED FACTORY,48.0,1.0,48.0,,10.0,0.48,111.48,5351.04,Expired,20260821
20000351,BM VASILCO 169 CAKE GEL PASTE 10KG,6002,6000,Warehouse,SKEG,172.25,Finished Goods,AHMAD A. ABED FACTORY,67.0,1.0,67.0,,10.0,0.67,111.48,7469.16,Expired,20260821
20000351,BM VASILCO 169 CAKE GEL PASTE 10KG,6002,6000,Warehouse,SL02,282.25,Finished Goods,AHMAD A. ABED FACTORY,48.0,1.0,48.0,,10.0,0.48,111.48,5351.04,>120 Days,20270404
20000351,BM VASILCO 169 CAKE GEL PASTE 10KG,6002,6000,Warehouse,SL02,283.25,Finished Goods,AHMAD A. ABED FACTORY,56.0,1.0,56.0,,10.0,0.56,111.48,6242.88,>120 Days,20270404
20000352,BM VASILCO 169 CAKE GEL PASTE 5KG,6002,6000,Warehouse,SL02,134.25,Finished Goods,AHMAD A. ABED FACTORY,13.0,1.0,13.0,,5.0,0.065,53.35,693.55,>120 Days,20270520
20000352,BM VASILCO 169 CAKE GEL PASTE 5KG,6002,6000,Warehouse,SKEG,79.25,Finished Goods,AHMAD A. ABED FACTORY,5.0,1.0,5.0,,5.0,0.025,53.35,266.75,Expired,20260726
20000352,BM VASILCO 169 CAKE GEL PASTE 5KG,6002,6000,Warehouse,SKEG,90.25,Finished Goods,AHMAD A. ABED FACTORY,4.0,1.0,4.0,,5.0,0.02,53.35,213.4,Expired,20260726
20000354,DAWN BAKERS AWARD WHITE CAKE MIX 1KG,6002,6000,Warehouse,SL02,RM426,Finished Goods,AHMAD A. ABED FACTORY,120.0,1.0,120.0,,1.0,0.12,11.35,1362.0,>120 Days,20270521
20000388,PILLSBURY VANILLA CREME CAKE MIX 50 LB,6002,6000,Warehouse,SL02,269.26,Finished Goods,AHMAD A. ABED FACTORY,42.0,1.0,42.0,,22.68,0.953,109.05,4580.1,>120 Days,20270503
20000392,PILLSBURY CHOCOLATE MUFFIN MIX 3KG,6002,6000,Warehouse,SL02,6.25,Finished Goods,AHMAD A. ABED FACTORY,2.0,1.0,2.0,,3.0,0.006,27.11,54.22,>120 Days,20270228
20000393,PILLSBURY VANILLA CUP CAKE MIX 3KG,6002,6000,Warehouse,SL02,302.25,Finished Goods,AHMAD A. ABED FACTORY,148.0,1.0,148.0,,3.0,0.444,19.15,2834.2,61-90,20261219
20000398,BM CHOCOLATE COOKIE MIX 1KG,6002,6000,Warehouse,SKEG,RM07.25,Finished Goods,AHMAD A. ABED FACTORY,100.0,1.0,100.0,,1.0,0.1,5.99,599.0,Expired,20260802
20000400,BM VANILLA SPONGE MIX 25KG,6002,6000,Warehouse,SL02,803.25,Finished Goods,,40.0,1.0,40.0,,25.0,1.0,133.01,5320.4,>120 Days,20270410
20000428,BM LUGAIMAT MIX 1KG,6002,6000,Warehouse,SL02,RM03,Finished Goods,AHMAD A. ABED FACTORY,2.0,1.0,2.0,,1.0,0.002,33.86,67.72,>120 Days,20280623
20000430,BM POTATO BUN MIX 10KG,6002,6000,Warehouse,SL02,1.25,Finished Goods,AHMAD A. ABED FACTORY,29.0,1.0,29.0,,10.0,0.29,67.64,1961.56,91-120,20270112
20000438,BM DONUT ICING SUGAR 10KG,6002,6000,Warehouse,SL02,1.25,Finished Goods,,50.0,1.0,50.0,,10.0,0.5,38.79,1939.5,31-60,20261111
20000438,BM DONUT ICING SUGAR 10KG,6002,6000,Warehouse,SL02,2.25,Finished Goods,,50.0,1.0,50.0,,10.0,0.5,38.79,1939.5,31-60,20261111
20000438,BM DONUT ICING SUGAR 10KG,6002,6000,Warehouse,SL02,3.25,Finished Goods,,50.0,1.0,50.0,,10.0,0.5,38.79,1939.5,31-60,20261111
20000438,BM DONUT ICING SUGAR 10KG,6002,6000,Warehouse,SL02,4.25,Finished Goods,,52.0,1.0,52.0,,10.0,0.52,38.79,2017.08,31-60,20261111
20000438,BM DONUT ICING SUGAR 10KG,6002,6000,Warehouse,SL02,6.25,Finished Goods,,10.0,1.0,10.0,,10.0,0.1,38.79,387.9,91-120,20270105
20000452,DAWN VANILLA CREAM CAKE BASE 22.68KG,6002,6000,Warehouse,SKEG,2026.07.01,Finished Goods,AHMAD A. ABED FACTORY,139.0,1.0,139.0,,22.68,3.153,132.77,18455.03,Expired,20260701
20000474,BM ZAINA VANILLA SPONGE CAKE MIX 25KG,6002,6000,Warehouse,SL02,306.26,Finished Goods,AHMAD A. ABED FACTORY,14.0,1.0,14.0,,25.0,0.35,135.57,1897.98,91-120,20270109
20000474,BM ZAINA VANILLA SPONGE CAKE MIX 25KG,6002,6000,Warehouse,SL02,307.26,Finished Goods,AHMAD A. ABED FACTORY,18.0,1.0,18.0,,25.0,0.45,135.57,2440.26,91-120,20270109
20000474,BM ZAINA VANILLA SPONGE CAKE MIX 25KG,6002,6000,Warehouse,SL02,308.26,Finished Goods,AHMAD A. ABED FACTORY,10.0,1.0,10.0,,25.0,0.25,135.57,1355.7,91-120,20270109
20000474,BM ZAINA VANILLA SPONGE CAKE MIX 25KG,6002,6000,Warehouse,SL02,309.26,Finished Goods,AHMAD A. ABED FACTORY,90.0,1.0,90.0,,25.0,2.25,135.57,12201.3,91-120,20270109
20000474,BM ZAINA VANILLA SPONGE CAKE MIX 25KG,6002,6000,Warehouse,SL02,310.26,Finished Goods,AHMAD A. ABED FACTORY,18.0,1.0,18.0,,25.0,0.45,135.57,2440.26,91-120,20270109
20000474,BM ZAINA VANILLA SPONGE CAKE MIX 25KG,6002,6000,Warehouse,SL02,316.25,Finished Goods,AHMAD A. ABED FACTORY,20.0,1.0,20.0,,25.0,0.5,135.57,2711.4,91-120,20270109
20000503,YELLOW CAKE MIX 25KG,6002,6000,Warehouse,SL02,21.26,Finished Goods,AHMAD A. ABED FACTORY,25.0,1.0,25.0,,25.0,0.625,171.14,4278.5,>120 Days,20270721
20000513,DAWN VANILLA SPONGE CAKE MIX 22.68KG,6002,6000,Warehouse,SL01,2027.01.01,Finished Goods,,56.0,1.0,56.0,,22.68,1.27,135.04,7562.24,91-120,20270101
20000522,HIGH POWER BREAD IMPROVER 5KG,6002,6000,Warehouse,SL02,RM2.25,Finished Goods,AHMAD A. ABED FACTORY,15.0,1.0,15.0,,5.0,0.075,0.0,0,91-120,20270101
20000527,BM VANILLA CREAM CAKE MIX 25KG,6002,6000,Warehouse,SL02,204.26,Finished Goods,AHMAD A. ABED FACTORY,4.0,1.0,4.0,,25.0,0.1,107.31,429.24,>120 Days,20280316
20000527,BM VANILLA CREAM CAKE MIX 25KG,6002,6000,Warehouse,SL02,203.26,Finished Goods,AHMAD A. ABED FACTORY,18.0,1.0,18.0,,25.0,0.45,107.31,1931.58,>120 Days,20280316
20000527,BM VANILLA CREAM CAKE MIX 25KG,6002,6000,Warehouse,SL02,202.26,Finished Goods,AHMAD A. ABED FACTORY,18.0,1.0,18.0,,25.0,0.45,107.31,1931.58,>120 Days,20280316
20000527,BM VANILLA CREAM CAKE MIX 25KG,6002,6000,Warehouse,SL02,201.26,Finished Goods,AHMAD A. ABED FACTORY,18.0,1.0,18.0,,25.0,0.45,107.31,1931.58,>120 Days,20280316
20000527,BM VANILLA CREAM CAKE MIX 25KG,6002,6000,Warehouse,SL02,199.26,Finished Goods,AHMAD A. ABED FACTORY,18.0,1.0,18.0,,25.0,0.45,107.31,1931.58,>120 Days,20280316
20000527,BM VANILLA CREAM CAKE MIX 25KG,6002,6000,Warehouse,SL02,198.26,Finished Goods,AHMAD A. ABED FACTORY,18.0,1.0,18.0,,25.0,0.45,107.31,1931.58,>120 Days,20280316
20000527,BM VANILLA CREAM CAKE MIX 25KG,6002,6000,Warehouse,SL02,197.26,Finished Goods,AHMAD A. ABED FACTORY,18.0,1.0,18.0,,25.0,0.45,107.31,1931.58,>120 Days,20280316
20000527,BM VANILLA CREAM CAKE MIX 25KG,6002,6000,Warehouse,SL02,196.26,Finished Goods,AHMAD A. ABED FACTORY,18.0,1.0,18.0,,25.0,0.45,107.31,1931.58,>120 Days,20280316
20000527,BM VANILLA CREAM CAKE MIX 25KG,6002,6000,Warehouse,SL02,195.26,Finished Goods,AHMAD A. ABED FACTORY,18.0,1.0,18.0,,25.0,0.45,107.31,1931.58,>120 Days,20280316
20000527,BM VANILLA CREAM CAKE MIX 25KG,6002,6000,Warehouse,SL02,194.26,Finished Goods,AHMAD A. ABED FACTORY,18.0,1.0,18.0,,25.0,0.45,107.31,1931.58,>120 Days,20280316
20000527,BM VANILLA CREAM CAKE MIX 25KG,6002,6000,Warehouse,SL02,193.26,Finished Goods,AHMAD A. ABED FACTORY,18.0,1.0,18.0,,25.0,0.45,107.31,1931.58,>120 Days,20280316
20000527,BM VANILLA CREAM CAKE MIX 25KG,6002,6000,Warehouse,SL02,192.26,Finished Goods,AHMAD A. ABED FACTORY,18.0,1.0,18.0,,25.0,0.45,107.31,1931.58,>120 Days,20280316
20000527,BM VANILLA CREAM CAKE MIX 25KG,6002,6000,Warehouse,SL02,191.26,Finished Goods,AHMAD A. ABED FACTORY,18.0,1.0,18.0,,25.0,0.45,107.31,1931.58,>120 Days,20280316
20000527,BM VANILLA CREAM CAKE MIX 25KG,6002,6000,Warehouse,SL02,190.26,Finished Goods,AHMAD A. ABED FACTORY,18.0,1.0,18.0,,25.0,0.45,107.31,1931.58,>120 Days,20280316
20000527,BM VANILLA CREAM CAKE MIX 25KG,6002,6000,Warehouse,SL02,189.26,Finished Goods,AHMAD A. ABED FACTORY,18.0,1.0,18.0,,25.0,0.45,107.31,1931.58,>120 Days,20280316
20000527,BM VANILLA CREAM CAKE MIX 25KG,6002,6000,Warehouse,SL02,188.26,Finished Goods,AHMAD A. ABED FACTORY,18.0,1.0,18.0,,25.0,0.45,107.31,1931.58,>120 Days,20280316
20000527,BM VANILLA CREAM CAKE MIX 25KG,6002,6000,Warehouse,SL02,187.26,Finished Goods,AHMAD A. ABED FACTORY,18.0,1.0,18.0,,25.0,0.45,107.31,1931.58,>120 Days,20280316
20000527,BM VANILLA CREAM CAKE MIX 25KG,6002,6000,Warehouse,SL02,186.26,Finished Goods,AHMAD A. ABED FACTORY,18.0,1.0,18.0,,25.0,0.45,107.31,1931.58,>120 Days,20280316
20000527,BM VANILLA CREAM CAKE MIX 25KG,6002,6000,Warehouse,SL02,185.26,Finished Goods,AHMAD A. ABED FACTORY,18.0,1.0,18.0,,25.0,0.45,107.31,1931.58,>120 Days,20280316
20000527,BM VANILLA CREAM CAKE MIX 25KG,6002,6000,Warehouse,SL02,184.26,Finished Goods,AHMAD A. ABED FACTORY,18.0,1.0,18.0,,25.0,0.45,107.31,1931.58,>120 Days,20280316
20000527,BM VANILLA CREAM CAKE MIX 25KG,6002,6000,Warehouse,SL02,183.26,Finished Goods,AHMAD A. ABED FACTORY,18.0,1.0,18.0,,25.0,0.45,107.31,1931.58,>120 Days,20280316
20000527,BM VANILLA CREAM CAKE MIX 25KG,6002,6000,Warehouse,SL02,182.26,Finished Goods,AHMAD A. ABED FACTORY,16.0,1.0,16.0,,25.0,0.4,107.31,1716.96,>120 Days,20280810
20000527,BM VANILLA CREAM CAKE MIX 25KG,6002,6000,Warehouse,SL02,181.26,Finished Goods,AHMAD A. ABED FACTORY,18.0,1.0,18.0,,25.0,0.45,107.31,1931.58,>120 Days,20280810
20000527,BM VANILLA CREAM CAKE MIX 25KG,6002,6000,Warehouse,SL02,180.26,Finished Goods,AHMAD A. ABED FACTORY,18.0,1.0,18.0,,25.0,0.45,107.31,1931.58,>120 Days,20280810
20000527,BM VANILLA CREAM CAKE MIX 25KG,6002,6000,Warehouse,SL02,179.26,Finished Goods,AHMAD A. ABED FACTORY,18.0,1.0,18.0,,25.0,0.45,107.31,1931.58,>120 Days,20280810
20000527,BM VANILLA CREAM CAKE MIX 25KG,6002,6000,Warehouse,SL02,177.26,Finished Goods,AHMAD A. ABED FACTORY,6.0,1.0,6.0,,25.0,0.15,107.31,643.86,>120 Days,20280805
20000527,BM VANILLA CREAM CAKE MIX 25KG,6002,6000,Warehouse,SL02,161.26,Finished Goods,AHMAD A. ABED FACTORY,12.0,1.0,12.0,,25.0,0.3,107.31,1287.72,>120 Days,20280805
20000527,BM VANILLA CREAM CAKE MIX 25KG,6002,6000,Warehouse,SL02,200.26,Finished Goods,AHMAD A. ABED FACTORY,18.0,1.0,18.0,,25.0,0.45,107.31,1931.58,>120 Days,20280316
20000528,BM CHOCO CREAM CAKE MIX 25KG,6002,6000,Warehouse,SL02,142.26,Finished Goods,AHMAD A. ABED FACTORY,20.0,1.0,20.0,,25.0,0.5,143.56,2871.2,>120 Days,20280802
20000528,BM CHOCO CREAM CAKE MIX 25KG,6002,6000,Warehouse,SL02,143.26,Finished Goods,AHMAD A. ABED FACTORY,20.0,1.0,20.0,,25.0,0.5,143.56,2871.2,>120 Days,20280802
20000528,BM CHOCO CREAM CAKE MIX 25KG,6002,6000,Warehouse,SL02,144.26,Finished Goods,AHMAD A. ABED FACTORY,20.0,1.0,20.0,,25.0,0.5,143.56,2871.2,>120 Days,20280802
20000528,BM CHOCO CREAM CAKE MIX 25KG,6002,6000,Warehouse,SL02,145.26,Finished Goods,AHMAD A. ABED FACTORY,20.0,1.0,20.0,,25.0,0.5,143.56,2871.2,>120 Days,20280802
20000528,BM CHOCO CREAM CAKE MIX 25KG,6002,6000,Warehouse,SL02,146.26,Finished Goods,AHMAD A. ABED FACTORY,20.0,1.0,20.0,,25.0,0.5,143.56,2871.2,>120 Days,20280802
20000528,BM CHOCO CREAM CAKE MIX 25KG,6002,6000,Warehouse,SL02,147.26,Finished Goods,AHMAD A. ABED FACTORY,20.0,1.0,20.0,,25.0,0.5,143.56,2871.2,>120 Days,20280802
20000528,BM CHOCO CREAM CAKE MIX 25KG,6002,6000,Warehouse,SL02,148.26,Finished Goods,AHMAD A. ABED FACTORY,20.0,1.0,20.0,,25.0,0.5,143.56,2871.2,>120 Days,20280802
20000528,BM CHOCO CREAM CAKE MIX 25KG,6002,6000,Warehouse,SL02,149.26,Finished Goods,AHMAD A. ABED FACTORY,20.0,1.0,20.0,,25.0,0.5,143.56,2871.2,>120 Days,20280802
20000528,BM CHOCO CREAM CAKE MIX 25KG,6002,6000,Warehouse,SL02,150.26,Finished Goods,AHMAD A. ABED FACTORY,20.0,1.0,20.0,,25.0,0.5,143.56,2871.2,>120 Days,20280802
20000528,BM CHOCO CREAM CAKE MIX 25KG,6002,6000,Warehouse,SL02,151.26,Finished Goods,AHMAD A. ABED FACTORY,20.0,1.0,20.0,,25.0,0.5,143.56,2871.2,>120 Days,20280802
20000528,BM CHOCO CREAM CAKE MIX 25KG,6002,6000,Warehouse,SL02,152.26,Finished Goods,AHMAD A. ABED FACTORY,20.0,1.0,20.0,,25.0,0.5,143.56,2871.2,>120 Days,20280802
20000528,BM CHOCO CREAM CAKE MIX 25KG,6002,6000,Warehouse,SL02,153.26,Finished Goods,AHMAD A. ABED FACTORY,20.0,1.0,20.0,,25.0,0.5,143.56,2871.2,>120 Days,20280802
20000528,BM CHOCO CREAM CAKE MIX 25KG,6002,6000,Warehouse,SL02,154.26,Finished Goods,AHMAD A. ABED FACTORY,20.0,1.0,20.0,,25.0,0.5,143.56,2871.2,>120 Days,20280802
20000528,BM CHOCO CREAM CAKE MIX 25KG,6002,6000,Warehouse,SL02,155.26,Finished Goods,AHMAD A. ABED FACTORY,20.0,1.0,20.0,,25.0,0.5,143.56,2871.2,>120 Days,20280802
20000528,BM CHOCO CREAM CAKE MIX 25KG,6002,6000,Warehouse,SL02,156.26,Finished Goods,AHMAD A. ABED FACTORY,21.0,1.0,21.0,,25.0,0.525,143.56,3014.76,>120 Days,20280802
20000528,BM CHOCO CREAM CAKE MIX 25KG,6002,6000,Warehouse,SL02,157.26,Finished Goods,AHMAD A. ABED FACTORY,21.0,1.0,21.0,,25.0,0.525,143.56,3014.76,>120 Days,20280802
20000528,BM CHOCO CREAM CAKE MIX 25KG,6002,6000,Warehouse,SL02,158.26,Finished Goods,AHMAD A. ABED FACTORY,21.0,1.0,21.0,,25.0,0.525,143.56,3014.76,>120 Days,20280802
20000566,BAKEWAVE CHOCOLATE SPONGE MIX 25KG,6002,6000,Warehouse,SL02,450.26,Finished Goods,AHMAD A. ABED FACTORY,10.0,1.0,10.0,,25.0,0.25,154.41,1544.1,>120 Days,20280115
20000569,BAKEWAVE BREAD IMPROVER AF 10KG,6002,6000,Warehouse,SL02,38.26,Finished Goods,AHMAD A. ABED FACTORY,10.0,1.0,10.0,,10.0,0.1,26.45,264.5,>120 Days,20280205
20000593,ALITO SPONGE CAKE CONCENTRATE 10KG,6002,6000,Warehouse,SL02,14.26,Finished Goods,AHMAD A. ABED FACTORY,45.0,1.0,45.0,,10.0,0.45,85.28,3837.6,>120 Days,20280508
20000593,ALITO SPONGE CAKE CONCENTRATE 10KG,6002,6000,Warehouse,SL02,15.26,Finished Goods,AHMAD A. ABED FACTORY,75.0,1.0,75.0,,10.0,0.75,85.28,6396.0,>120 Days,20280508
20000593,ALITO SPONGE CAKE CONCENTRATE 10KG,6002,6000,Warehouse,SL02,16.26,Finished Goods,AHMAD A. ABED FACTORY,45.0,1.0,45.0,,10.0,0.45,85.28,3837.6,>120 Days,20280508
20000593,ALITO SPONGE CAKE CONCENTRATE 10KG,6002,6000,Warehouse,SL02,17.26,Finished Goods,AHMAD A. ABED FACTORY,45.0,1.0,45.0,,10.0,0.45,85.28,3837.6,>120 Days,20280508
20000593,ALITO SPONGE CAKE CONCENTRATE 10KG,6002,6000,Warehouse,SL02,18.26,Finished Goods,AHMAD A. ABED FACTORY,45.0,1.0,45.0,,10.0,0.45,85.28,3837.6,>120 Days,20280508
20000593,ALITO SPONGE CAKE CONCENTRATE 10KG,6002,6000,Warehouse,SL02,19.26,Finished Goods,AHMAD A. ABED FACTORY,45.0,1.0,45.0,,10.0,0.45,85.28,3837.6,>120 Days,20280508
20000593,ALITO SPONGE CAKE CONCENTRATE 10KG,6002,6000,Warehouse,SL02,20.26,Finished Goods,AHMAD A. ABED FACTORY,45.0,1.0,45.0,,10.0,0.45,85.28,3837.6,>120 Days,20280508
20000593,ALITO SPONGE CAKE CONCENTRATE 10KG,6002,6000,Warehouse,SL02,21.26,Finished Goods,AHMAD A. ABED FACTORY,45.0,1.0,45.0,,10.0,0.45,85.28,3837.6,>120 Days,20280508
20000593,ALITO SPONGE CAKE CONCENTRATE 10KG,6002,6000,Warehouse,SL02,22.26,Finished Goods,AHMAD A. ABED FACTORY,45.0,1.0,45.0,,10.0,0.45,85.28,3837.6,>120 Days,20280508
20000593,ALITO SPONGE CAKE CONCENTRATE 10KG,6002,6000,Warehouse,SL02,23.26,Finished Goods,AHMAD A. ABED FACTORY,45.0,1.0,45.0,,10.0,0.45,85.28,3837.6,>120 Days,20280508
20000593,ALITO SPONGE CAKE CONCENTRATE 10KG,6002,6000,Warehouse,SL02,25.26,Finished Goods,AHMAD A. ABED FACTORY,20.0,1.0,20.0,,10.0,0.2,85.28,1705.6,>120 Days,20280508
20000594,ALITO CUSTARD MIX 10KG,6002,6000,Warehouse,SL02,388.26,Finished Goods,AHMAD A. ABED FACTORY,46.0,1.0,46.0,,10.0,0.46,87.44,4022.24,>120 Days,20280520
20000594,ALITO CUSTARD MIX 10KG,6002,6000,Warehouse,SL02,389.26,Finished Goods,AHMAD A. ABED FACTORY,46.0,1.0,46.0,,10.0,0.46,87.44,4022.24,>120 Days,20280520
20000594,ALITO CUSTARD MIX 10KG,6002,6000,Warehouse,SL02,390.26,Finished Goods,AHMAD A. ABED FACTORY,46.0,1.0,46.0,,10.0,0.46,87.44,4022.24,>120 Days,20280520
20000594,ALITO CUSTARD MIX 10KG,6002,6000,Warehouse,SL02,391.26,Finished Goods,AHMAD A. ABED FACTORY,46.0,1.0,46.0,,10.0,0.46,87.44,4022.24,>120 Days,20280520
20000594,ALITO CUSTARD MIX 10KG,6002,6000,Warehouse,SL02,392.26,Finished Goods,AHMAD A. ABED FACTORY,16.0,1.0,16.0,,10.0,0.16,87.44,1399.04,>120 Days,20280520
30000001,ASCORBIC ACID,6002,6000,Warehouse,SL01,2029.10.09,Raw Materials,ECHEMI GLOBAL CO. LIMITED.,6000.0,1.0,6000.0,,1.0,6.0,12.03,72180.0,>120 Days,20291009
30000001,ASCORBIC ACID,6002,6000,Warehouse,SL01,2029.10.31,Raw Materials,ECHEMI GLOBAL CO. LIMITED.,900.0,1.0,900.0,,1.0,0.9,12.03,10827.0,>120 Days,20291031
30000003,EUROVANILLIN PLUS,6002,6000,Warehouse,SL01,2029.05.25,Raw Materials,OBEGI CHEMICALS L.L.C.,75.0,1.0,75.0,,1.0,0.075,44.45,3333.75,>120 Days,20290525
30000003,EUROVANILLIN PLUS,6002,6000,Warehouse,SL01,2030.02.10,Raw Materials,OBEGI CHEMICALS L.L.C.,1500.0,1.0,1500.0,,1.0,1.5,44.45,66675.0,>120 Days,20300210
30000005,GRINDSTED GA505,6002,6000,Warehouse,SL01,2027.11.24,Raw Materials,FOOD SPECIALITIES LIMITED,8000.0,1.0,8000.0,,1.0,8.0,25.23,201840.0,>120 Days,20271124
30000005,GRINDSTED GA505,6002,6000,Warehouse,SL01,2028.01.20,Raw Materials,FOOD SPECIALITIES LIMITED,4000.0,1.0,4000.0,,1.0,4.0,25.23,100920.0,>120 Days,20280120
30000005,GRINDSTED GA505,6002,6000,Warehouse,SL01,2028.03.06,Raw Materials,FOOD SPECIALITIES LIMITED,9000.0,1.0,9000.0,,1.0,9.0,25.23,227070.0,>120 Days,20280306
30000006,GRINDSTED PS409NS,6002,6000,Warehouse,SL01,2027.09.08,Raw Materials,FOOD SPECIALITIES LIMITED,3026.16,1.0,3026.16,,1.0,3.026,25.99,78649.9,>120 Days,20270908
30000006,GRINDSTED PS409NS,6002,6000,Warehouse,SL01,2028.03.15,Raw Materials,FOOD SPECIALITIES LIMITED,5600.0,1.0,5600.0,,1.0,5.6,25.99,145544.0,>120 Days,20280315
30000007,NEOVANIL DRY FLAVOUR,6002,6000,Warehouse,SL01,2028.06.03,Raw Materials,GIVAUDAN MEA FZE,17000.0,1.0,17000.0,,1.0,17.0,30.12,512040.0,>120 Days,20280603
30000007,NEOVANIL DRY FLAVOUR,6002,6000,Warehouse,SL01,2028.03.01,Raw Materials,GIVAUDAN MEA FZE,4900.0,1.0,4900.0,,1.0,4.9,30.12,147588.0,>120 Days,20280301
30000008,NOVAMYL PRO 12 BG (USE 30000114),6002,6000,Warehouse,SKEG,2026.07.28,Raw Materials,NOVOZYMES A/S,52.0,1.0,52.0,,1.0,0.052,138.72,7213.44,Expired,20260728
30000010,SODIUM ALGINATE,6002,6000,Warehouse,SL01,2027.11.01,Raw Materials,ROSE FOODSTUFF CHEMISTRY CO LTD,15000.0,1.0,15000.0,,1.0,15.0,30.3,454500.0,>120 Days,20271101
30000010,SODIUM ALGINATE,6002,6000,Warehouse,SL01,2027.07.01,Raw Materials,ROSE FOODSTUFF CHEMISTRY CO LTD,8737.16,1.0,8737.16,,1.0,8.737,30.3,264735.8,>120 Days,20270701
30000011,WHEAT STARCH,6002,6000,Warehouse,SL01,2028.05.05,Raw Materials,COMPTOIR EXPORT DE MATIERES PREMIER,50000.0,1.0,50000.0,,1.0,50.0,2.65,132500.0,>120 Days,20280505
30000011,WHEAT STARCH,6002,6000,Warehouse,SL01,2028.02.05,Raw Materials,COMPTOIR EXPORT DE MATIERES PREMIER,36000.0,1.0,36000.0,,1.0,36.0,2.65,95400.0,>120 Days,20280205
30000011,WHEAT STARCH,6002,6000,Warehouse,SL01,2028.01.02,Raw Materials,COMPTOIR EXPORT DE MATIERES PREMIER,79975.0,1.0,79975.0,,1.0,79.975,2.65,211933.74,>120 Days,20280102
30000013,SUGAR FINE CRYSTAL,6002,6000,Warehouse,SL01,2031.08.01,Raw Materials,UNITED SUGAR COMPANY,75600.0,50.0,1512.0,,1.0,75.6,2.06,155736.0,>120 Days,20310801
30000015,SUN FLOWER OIL,6002,6000,Warehouse,SL01,2028.01.18,Raw Materials,AHMAD A. ABED TRADING CO. LTD.,3910.0,1.0,3910.0,,1.0,3.91,7.32,28621.2,>120 Days,20280118
30000017,LIPOPAN FBG,6002,6000,Warehouse,SL01,2028.06.10,Raw Materials,NOVOZYMES A/S,100.0,1.0,100.0,,1.0,0.1,469.79,46979.0,>120 Days,20280610
30000017,LIPOPAN FBG,6002,6000,Warehouse,SL01,2028.06.09,Raw Materials,NOVOZYMES A/S,200.0,1.0,200.0,,1.0,0.2,469.79,93958.0,>120 Days,20280609
30000017,LIPOPAN FBG,6002,6000,Warehouse,SL01,2028.02.17,Raw Materials,NOVOZYMES A/S,120.0,1.0,120.0,,1.0,0.12,469.79,56374.8,>120 Days,20280217
30000018,COCOA POWDER GT78,6002,6000,Warehouse,SL01,2028.01.24,Raw Materials,AHMAD A. ABED TRADING CO. LTD.,8400.0,1.0,8400.0,,1.0,8.4,27.75,233100.0,>120 Days,20280124
30000018,COCOA POWDER GT78,6002,6000,Warehouse,SL01,2028.01.15,Raw Materials,AHMAD A. ABED TRADING CO. LTD.,16800.0,1.0,16800.0,,1.0,16.8,27.75,466200.0,>120 Days,20280115
30000019,SOFT WHEAT CAKE FLOUR FLAMINGO,6002,6000,Warehouse,SL01,2027.04.01,Raw Materials,DOSSCHE MILLS B.V.,22675.0,1.0,22675.0,,1.0,22.675,5.45,123578.75,>120 Days,20270401
30000020,KUW GUM TRAGACANTH PDR SU27,6002,6000,Warehouse,SL01,2026.10.01,Raw Materials,RUE FLAMBEE ITALIAS.R.L,1125.0,1.0,1125.0,,1.0,1.125,228.23,256758.75,0-30,20261001
30000023,POTASSIUM SORBATE,6002,6000,Warehouse,SL01,2029.02.07,Raw Materials,LIANYUNNANG MUPRO IMP & EXP CO. LTD,1750.0,25.0,70.0,,1.0,1.75,11.54,20195.0,>120 Days,20290207
30000023,POTASSIUM SORBATE,6002,6000,Warehouse,SL01,2026.11.27,Raw Materials,LIANYUNNANG MUPRO IMP & EXP CO. LTD,150.0,25.0,6.0,,1.0,0.15,11.54,1731.0,61-90,20261127
30000023,POTASSIUM SORBATE,6002,6000,Warehouse,SKEG,2026.03.17,Raw Materials,LIANYUNNANG MUPRO IMP & EXP CO. LTD,100.0,25.0,4.0,,1.0,0.1,11.54,1154.0,Expired,20260317
30000024,BAKEZYME E5,6002,6000,Warehouse,SL01,2027.04.17,Raw Materials,AB MAURI MIDDLE EAST FZE,4925.0,1.0,4925.0,,1.0,4.925,39.35,193798.75,>120 Days,20270417
30000024,BAKEZYME E5,6002,6000,Warehouse,SL01,2027.01.01,Raw Materials,AB MAURI MIDDLE EAST FZE,8800.0,1.0,8800.0,,1.0,8.8,39.35,346280.0,91-120,20270101
30000024,BAKEZYME E5,6002,6000,Warehouse,SL01,2026.12.01,Raw Materials,AB MAURI MIDDLE EAST FZE,4.5,1.0,4.5,,1.0,0.004,39.35,177.07,61-90,20261201
30000026,SODIUM ALUMINUM PHOSPHATE,6002,6000,Warehouse,SL01,2028.02.24,Raw Materials,LIANYUNNANG MUPRO IMP & EXP CO. LTD,20000.0,1.0,20000.0,KG,1.0,20.0,10.49,209800.0,>120 Days,20280224
30000026,SODIUM ALUMINUM PHOSPHATE,6002,6000,Warehouse,SL01,2027.12.03,Raw Materials,LIANYUNNANG MUPRO IMP & EXP CO. LTD,7250.13,1.0,7250.13,KG,1.0,7.25,10.49,76053.84,>120 Days,20271203
30000028,BLOV Flavor (Rounding Off) 652221,6002,6000,Warehouse,SL01,2028.02.01,Raw Materials,,625.0,1.0,625.0,,1.0,0.625,120.51,75318.75,>120 Days,20280201
30000030,RAP CUSTARD PREMIX 5%,6002,6000,Warehouse,SL01,2027.06.12,Raw Materials,,8225.0,1.0,8225.0,,1.0,8.225,30.09,247490.25,>120 Days,20270612
30000030,RAP CUSTARD PREMIX 5%,6002,6000,Warehouse,SL01,2027.01.04,Raw Materials,,1650.0,1.0,1650.0,,1.0,1.65,30.09,49648.5,91-120,20270104
30000031,AKUCELL AF 2785,6002,6000,Warehouse,SL01,2029.01.27,Raw Materials,ZEELANDIA INTERNATIONAL B.V.,1550.0,1.0,1550.0,,1.0,1.55,39.92,61876.0,>120 Days,20290127
30000032,AROMALT DARK,6002,6000,Warehouse,SL01,2027.06.15,Raw Materials,ZEELANDIA INTERNATIONAL B.V.,1450.0,1.0,1450.0,,1.0,1.45,11.53,16718.5,>120 Days,20270615
30000033,EDIBLE GELATIN BLOOM 200-220GM,6002,6000,Warehouse,SL01,2030.07.19,Raw Materials,SAUDI GELATIN AND CAPSULES CO,20000.0,1.0,20000.0,,1.0,20.0,22.0,440000.0,>120 Days,20300719
30000033,EDIBLE GELATIN BLOOM 200-220GM,6002,6000,Warehouse,SL01,2030.05.19,Raw Materials,SAUDI GELATIN AND CAPSULES CO,14700.0,1.0,14700.0,,1.0,14.7,22.0,323400.0,>120 Days,20300519
30000033,EDIBLE GELATIN BLOOM 200-220GM,6002,6000,Warehouse,SL01,2030.04.16,Raw Materials,SAUDI GELATIN AND CAPSULES CO,1675.0,1.0,1675.0,,1.0,1.675,22.0,36850.0,>120 Days,20300416
30000035,KRAFTGRAIN CONCENTRATE,6002,6000,Warehouse,SL01,2027.02.25,Raw Materials,EDME LIMITED,200.0,1.0,200.0,,1.0,0.2,9.27,1854.0,>120 Days,20270225
30000036,SOYA FLOUR,6002,6000,Warehouse,SL01,2027.06.14,Raw Materials,SONIC BIOCHEM EXTRACTIONS PRIVATE L,26500.0,1.0,26500.0,,1.0,26.5,3.87,102555.0,>120 Days,20270614
30000036,SOYA FLOUR,6002,6000,Warehouse,SL01,2027.02.19,Raw Materials,SONIC BIOCHEM EXTRACTIONS PRIVATE L,19450.0,1.0,19450.0,,1.0,19.45,3.87,75271.5,>120 Days,20270219
30000037,EMULSIFIER EMULPALS 110,6002,6000,Warehouse,SL01,2028.01.07,Raw Materials,PALSGAARD A/S,6300.0,1.0,6300.0,,1.0,6.3,22.68,142884.0,>120 Days,20280107
30000037,EMULSIFIER EMULPALS 110,6002,6000,Warehouse,SL01,2027.06.23,Raw Materials,PALSGAARD A/S,3600.0,1.0,3600.0,,1.0,3.6,22.68,81648.0,>120 Days,20270623
30000039,ARABIC GUM,6002,6000,Warehouse,SKEG,2026.08.06,Raw Materials,ROSE FOODSTUFF CHEMISTRY CO LTD,775.0,1.0,775.0,,1.0,0.775,16.48,12772.0,Expired,20260806
30000040,PENTOPAN MONO BG,6002,6000,Warehouse,SL01,2028.05.07,Raw Materials,NOVOZYMES A/S,3000.0,1.0,3000.0,,1.0,3.0,41.87,125610.0,>120 Days,20280507
30000040,PENTOPAN MONO BG,6002,6000,Warehouse,SL01,2027.11.07,Raw Materials,NOVOZYMES A/S,2400.0,1.0,2400.0,,1.0,2.4,41.87,100488.17,>120 Days,20271107
30000041,BISCA MULTI BASE,6002,6000,Warehouse,SL01,2027.01.25,Raw Materials,ZEELANDIA INTERNATIONAL B.V.,25080.0,1.0,25080.0,,10.0,250.8,14.12,354129.6,91-120,20270125
30000041,BISCA MULTI BASE,6002,6000,Warehouse,SL01,2027.01.17,Raw Materials,ZEELANDIA INTERNATIONAL B.V.,25130.0,1.0,25130.0,,10.0,251.3,14.12,354835.6,91-120,20270117
30000041,BISCA MULTI BASE,6002,6000,Warehouse,SL01,2026.11.26,Raw Materials,ZEELANDIA INTERNATIONAL B.V.,1000.0,1.0,1000.0,,10.0,10.0,14.12,14120.0,31-60,20261126
30000042,BISCAMIX CONCENTRATE 10%,6002,6000,Warehouse,SL01,2027.07.16,Raw Materials,ZEELANDIA INTERNATIONAL B.V.,25380.0,1.0,25380.0,,1.0,25.38,24.31,616987.8,>120 Days,20270716
30000042,BISCAMIX CONCENTRATE 10%,6002,6000,Warehouse,SL01,2027.05.07,Raw Materials,ZEELANDIA INTERNATIONAL B.V.,25340.0,1.0,25340.0,,1.0,25.34,24.31,616015.4,>120 Days,20270507
30000042,BISCAMIX CONCENTRATE 10%,6002,6000,Warehouse,SL01,2027.01.30,Raw Materials,ZEELANDIA INTERNATIONAL B.V.,25360.0,1.0,25360.0,,1.0,25.36,24.31,616501.6,>120 Days,20270130
30000042,BISCAMIX CONCENTRATE 10%,6002,6000,Warehouse,SL01,2026.12.17,Raw Materials,ZEELANDIA INTERNATIONAL B.V.,1340.0,1.0,1340.0,,1.0,1.34,24.31,32575.4,61-90,20261217
30000042,BISCAMIX CONCENTRATE 10%,6002,6000,Warehouse,SL01,2026.12.12,Raw Materials,ZEELANDIA INTERNATIONAL B.V.,1680.0,1.0,1680.0,,1.0,1.68,24.31,40840.8,61-90,20261212
30000043,BROWN SUGAR,6002,6000,Warehouse,SL01,2028.09.01,Raw Materials,ALENZI FOR PACKAGING,5325.0,1.0,5325.0,,1.0,5.325,4.14,22045.5,>120 Days,20280901
30000045,BUTTER BUDS 32X,6002,6000,Warehouse,SL01,2026.09.28,Raw Materials,FANAR AL KHALEEJ TR.,6150.0,1.0,6150.0,,1.0,6.15,47.5,292125.0,0-30,20260928
30000046,BUTTER SUBSTITUTE,6002,6000,Warehouse,SKEG,2026.03.08,Raw Materials,AHMAD A. ABED TRADING CO. LTD.,225.0,1.0,225.0,,1.0,0.225,6.43,1446.75,Expired,20260308
30000046,BUTTER SUBSTITUTE,6002,6000,Warehouse,SKEG,2026.09.01,Raw Materials,AHMAD A. ABED TRADING CO. LTD.,1525.0,1.0,1525.0,,1.0,1.525,6.43,9805.75,Expired,20260901
30000046,BUTTER SUBSTITUTE,6002,6000,Warehouse,SL01,2028.03.30,Raw Materials,AHMAD A. ABED TRADING CO. LTD.,2000.0,1.0,2000.0,,1.0,2.0,6.43,12860.0,>120 Days,20280330
30000048,CALCIUM CARBONATE,6002,6000,Warehouse,SL01,2028.04.02,Raw Materials,SAUDI LIME INDUSTRIES CO,10920.0,1.0,10920.0,,1.0,10.92,0.25,2730.0,>120 Days,20280402
30000049,CALCIUM CHLORIDE ANHYDROUS,6002,6000,Warehouse,SL01,2027.07.01,Raw Materials,AL SHAFEI ESTABLISHMENT,117.53,1.0,117.53,,1.0,0.118,6.67,783.96,>120 Days,20270701
30000050,CALCIUM PROPIONATE,6002,6000,Warehouse,SL01,2028.02.17,Raw Materials,LIANYUNNANG MUPRO IMP & EXP CO. LTD,2500.0,25.0,100.0,,1.0,2.5,10.11,25275.0,>120 Days,20280217
30000050,CALCIUM PROPIONATE,6002,6000,Warehouse,SL01,2027.12.06,Raw Materials,LIANYUNNANG MUPRO IMP & EXP CO. LTD,75.0,25.0,3.0,,1.0,0.075,10.11,758.25,>120 Days,20271206
30000051,CARAMEL CONCENTRATE,6002,6000,Warehouse,SL01,2027.11.01,Raw Materials,INDUXTRA DE SUMINISTROS,7700.0,1.0,7700.0,,1.0,7.7,55.01,423577.0,>120 Days,20271101
30000053,CITRIC ACID,6002,6000,Warehouse,SL01,2029.02.01,Raw Materials,MODERN PETROCHEMICALS COMPANY,1600.0,1.0,1600.0,,1.0,1.6,5.2,8320.0,>120 Days,20290201
30000056,COCOA POWDER GT50,6002,6000,Warehouse,SL01,2027.06.21,Raw Materials,,2625.0,1.0,2625.0,,1.0,2.625,43.73,114791.25,>120 Days,20270621
30000059,COCOA POWDER PV7,6002,6000,Warehouse,SL01,2028.04.01,Raw Materials,AHMAD A. ABED TRADING CO. LTD.,4125.0,1.0,4125.0,,1.0,4.125,26.8,110550.0,>120 Days,20280401
30000061,DAWN BAKERS AWARD WHITE CAKE MIX,6002,6000,Warehouse,SL01,2027.03.05,Raw Materials,"DAWN FOOD PRODUCTS, INC.",10432.8,2268.0,4.6,,1.0,10.433,11.42,119142.58,>120 Days,20270305
30000063,DAWN CHOCOLATECHIP COOKIE BASE,6002,6000,Warehouse,SL01,2027.03.12,Raw Materials,"DAWN FOOD PRODUCTS, INC.",5851.44,2268.0,2.58,,1.0,5.851,11.56,67642.65,>120 Days,20270312
30000064,DAWN CLASSIC BROWNIE MIX,6002,6000,Warehouse,SL01,2027.09.03,Raw Materials,"DAWN FOOD PRODUCTS, INC.",559.6,2268.0,0.25,,1.0,0.56,12.29,6877.48,>120 Days,20270309
30000064,DAWN CLASSIC BROWNIE MIX,6002,6000,Warehouse,SL01,2027.03.09,Raw Materials,"DAWN FOOD PRODUCTS, INC.",1134.0,2268.0,0.5,,1.0,1.134,12.29,13936.86,>120 Days,20270309
30000068,DESSICATED COCONUT FLOUR,6002,6000,Warehouse,SL01,2028.01.01,Raw Materials,AHMAD A. ABED TRADING CO. LTD.,400.0,1.0,400.0,,1.0,0.4,12.55,5020.0,>120 Days,20280101
30000069,DEXTROSE MONOHYDRATE,6002,6000,Warehouse,SL01,2028.03.14,Raw Materials,ROSE FOODSTUFF CHEMISTRY CO LTD,16000.0,1.0,16000.0,,1.0,16.0,3.25,52000.0,>120 Days,20280314
30000069,DEXTROSE MONOHYDRATE,6002,6000,Warehouse,SL01,2027.10.15,Raw Materials,ROSE FOODSTUFF CHEMISTRY CO LTD,800.0,1.0,800.0,,1.0,0.8,3.25,2600.0,>120 Days,20271016
30000070,DIMODAN HP 75/B,6002,6000,Warehouse,SL01,2028.03.12,Raw Materials,FOOD SPECIALITIES LIMITED,200.0,1.0,200.0,,1.0,0.2,18.92,3784.0,>120 Days,20280312
30000073,FULL CREAM MILK POWDER,6002,6000,Warehouse,SL01,2027.10.10,Raw Materials,AHMAD A. ABED TRADING CO. LTD.,646.15,1.0,646.15,,1.0,0.646,17.95,11598.45,>120 Days,20271010
30000073,FULL CREAM MILK POWDER,6002,6000,Warehouse,SL01,2028.07.01,Raw Materials,AHMAD A. ABED TRADING CO. LTD.,3750.0,1.0,3750.0,,1.0,3.75,17.95,67312.5,>120 Days,20280701
30000073,FULL CREAM MILK POWDER,6002,6000,Warehouse,SL01,2027.09.01,Raw Materials,AHMAD A. ABED TRADING CO. LTD.,3200.0,1.0,3200.0,,1.0,3.2,17.95,57440.0,>120 Days,20270901
30000082,GLYCERINE,6002,6000,Warehouse,SL01,2027.11.27,Raw Materials,MODERN PETROCHEMICALS COMPANY,2450.0,1.0,2450.0,,1.0,2.45,8.99,22025.5,>120 Days,20271127
30000083,GOLDGRAIN CONCENTRATE,6002,6000,Warehouse,SKEG,2026.09.16,Raw Materials,EDME LIMITED,80.0,1.0,80.0,,1.0,0.08,8.63,690.4,Expired,20260916
30000083,GOLDGRAIN CONCENTRATE,6002,6000,Warehouse,SL01,2027.02.27,Raw Materials,EDME LIMITED,15075.0,1.0,15075.0,,1.0,15.075,8.63,130097.25,>120 Days,20270227
30000085,GUAR GUM,6002,6000,Warehouse,SL01,2027.11.29,Raw Materials,,975.0,1.0,975.0,,1.0,0.975,7.5,7312.5,>120 Days,20271129
30000088,HEN EGG ALBUMEN POWDER,6002,6000,Warehouse,SL01,2028.07.16,Raw Materials,B.V. NEDERLENDSE INDUSTRIE VAN,775.0,1.0,775.0,KG,1.0,0.775,32.47,25164.25,>120 Days,20280716
30000088,HEN EGG ALBUMEN POWDER,6002,6000,Warehouse,SL01,2028.07.30,Raw Materials,B.V. NEDERLENDSE INDUSTRIE VAN,2712.5,1.0,2712.5,KG,1.0,2.712,32.47,88074.88,>120 Days,20280729
30000088,HEN EGG ALBUMEN POWDER,6002,6000,Warehouse,SL01,2028.08.13,Raw Materials,B.V. NEDERLENDSE INDUSTRIE VAN,2812.5,1.0,2812.5,KG,1.0,2.812,32.47,91321.88,>120 Days,20280813
30000089,HEN EGG YOLK POWDER,6002,6000,Warehouse,SL01,2027.09.01,Raw Materials,B.V. NEDERLENDSE INDUSTRIE VAN,1335.0,1.0,1335.0,,1.0,1.335,84.5,112807.5,>120 Days,20270901
30000090,HEN WHOLE EGG POWDER,6002,6000,Warehouse,SL01,2028.01.02,Raw Materials,B.V. NEDERLENDSE INDUSTRIE VAN,2987.5,1.0,2987.5,,1.0,2.987,58.02,173334.75,>120 Days,20280102
30000110,LIQUID GLUCOSE,6002,6000,Warehouse,SL01,2028.07.01,Raw Materials,MIDDLE EAST FOOD SOLUTION COMPANY-M,22.0,1.0,22.0,,1.0,0.022,2.07,45.54,>120 Days,20280701
30000112,Coldswell 5771A (Modified Potato Starch),6002,6000,Warehouse,SL01,2029.03.03,Raw Materials,,3990.0,1.0,3990.0,,1.0,3.99,15.6,62244.0,>120 Days,20290303
30000114,NOVAMYL 3D BG,6002,6000,Warehouse,SKEG,2026.05.02,Raw Materials,NOVOZYMES A/S,73.73,20.0,3.69,,1.0,0.074,517.71,38173.35,Expired,20260502
30000114,NOVAMYL 3D BG,6002,6000,Warehouse,SL01,2026.12.19,Raw Materials,NOVOZYMES A/S,15.0,20.0,0.75,,1.0,0.015,517.71,7765.65,61-90,20261219
30000114,NOVAMYL 3D BG,6002,6000,Warehouse,SL01,2027.12.08,Raw Materials,NOVOZYMES A/S,31.27,20.0,1.56,,1.0,0.031,517.71,16188.79,>120 Days,20271208
30000116,EMJEL 820C MODIFIED POTATO STARCH,6002,6000,Warehouse,SL01,2027.12.21,Raw Materials,EMSLAND STAERKE GMBH,17500.0,1.0,17500.0,,1.0,17.5,8.7,152250.0,>120 Days,20271221
30000117,EMJEL P MODIFIED POTATO STARCH,6002,6000,Warehouse,SKEG,2026.03.01,Raw Materials,EMSLAND STAERKE GMBH,2950.0,1.0,2950.0,,1.0,2.95,8.0,23600.0,Expired,20260301
30000118,MONOCALCIUM PHOSPHATE,6002,6000,Warehouse,SKEG,2026.09.10,Raw Materials,ROSE FOODSTUFF CHEMISTRY CO LTD,650.0,1.0,650.0,,1.0,0.65,13.12,8528.0,Expired,20260910
30000126,AEROWHIP 630(ashland),6002,6000,Warehouse,SL01,258621,Raw Materials,,521.64,1.0,521.64,,1.0,0.522,196.0,102241.44,>120 Days,20300909
30000126,AEROWHIP 630(ashland),6002,6000,Warehouse,SL01,258622,Raw Materials,,929.88,1.0,929.88,,1.0,0.93,196.0,182256.48,>120 Days,20301208
30000126,AEROWHIP 630(ashland),6002,6000,Warehouse,SL01,259246,Raw Materials,,453.6,1.0,453.6,,1.0,0.454,196.0,88905.6,>120 Days,20301208
30000126,AEROWHIP 630(ashland),6002,6000,Warehouse,SL01,259247,Raw Materials,,136.08,1.0,136.08,,1.0,0.136,196.0,26671.68,>120 Days,20301208
30000128,POWDER COLOUR - ALLURA RED B129,6002,6000,Warehouse,SL01,2028.05.27,Raw Materials,,275.0,1.0,275.0,,1.0,0.275,103.0,28325.0,>120 Days,20280527
30000131,POWDER COLOUR - BRILLIANT  BLUE,6002,6000,Warehouse,SKEG,2026.07.31,Raw Materials,,25.0,1.0,25.0,,1.0,0.025,236.13,5903.25,Expired,20260731
30000135,BITTER DRY ALMOND FLAVOR 250970,6002,6000,Warehouse,SL01,2027.09.30,Raw Materials,,300.0,1.0,300.0,,1.0,0.3,107.6,32280.0,>120 Days,20270930
30000135,BITTER DRY ALMOND FLAVOR 250970,6002,6000,Warehouse,SL01,2027.06.01,Raw Materials,,150.0,1.0,150.0,,1.0,0.15,107.6,16140.0,>120 Days,20270601
30000137,CREAM FLAVOUR  648588,6002,6000,Warehouse,SKEG,2026.08.01,Raw Materials,SYMRISE GMBH & CO.,50.0,1.0,50.0,,1.0,0.05,46.78,2339.0,Expired,20260801
30000138,CREAM VANILLA FLAVOUR QF17823,6002,6000,Warehouse,SL01,2027.02.17,Raw Materials,GIVAUDAN MEA FZE,375.0,1.0,375.0,,1.0,0.375,132.67,49751.25,>120 Days,20270217
30000144,DAWN PREMIUM VANILLA CREME CAKE BASE,6002,6000,Warehouse,SL01,2027.03.07,Raw Materials,"DAWN FOOD PRODUCTS, INC.",4944.24,2268.0,2.18,,1.0,4.944,8.12,40147.23,>120 Days,20270307
30000145,RAP CREAM PATISSERIE PREMIX 5%,6002,6000,Warehouse,SL01,2027.06.12,Raw Materials,,2950.0,1.0,2950.0,,1.0,2.95,32.68,96406.0,>120 Days,20270612
30000145,RAP CREAM PATISSERIE PREMIX 5%,6002,6000,Warehouse,SL01,2027.05.02,Raw Materials,,2975.0,1.0,2975.0,,1.0,2.975,32.68,97223.0,>120 Days,20270502
30000145,RAP CREAM PATISSERIE PREMIX 5%,6002,6000,Warehouse,SKEG,2026.02.08,Raw Materials,,270.5,1.0,270.5,,1.0,0.271,32.68,8839.94,Expired,20260208
30000146,REFINED IODIZED SALT,6002,6000,Warehouse,SL01,2031.02.01,Raw Materials,ZAD INDUSTRY CO,2475.0,1.0,2475.0,,1.0,2.475,0.58,1435.5,>120 Days,20310201
30000148,SEMOLINA COARSE,6002,6000,Warehouse,SL01,2027.06.01,Raw Materials,,405.0,1.0,405.0,,1.0,0.405,3.64,1474.2,>120 Days,20270601
30000148,SEMOLINA COARSE,6002,6000,Warehouse,SL01,2027.01.01,Raw Materials,,315.0,1.0,315.0,,1.0,0.315,3.64,1146.6,91-120,20270101
30000149,Sodium Alginate Blend (Gelcarin FF 37),6002,6000,Warehouse,SKEG,2026.06.25,Raw Materials,,50.0,1.0,50.0,,1.0,0.05,163.01,8150.5,Expired,20260625
30000150,VEGETABLE SHORTENING,6002,6000,Warehouse,SL01,2027.01.22,Raw Materials,AHMAD A. ABED TRADING CO. LTD.,2790.0,1.0,2790.0,,1.0,2.79,5.55,15484.5,91-120,20270122
30000151,SKIMMED MILK POWDER,6002,6000,Warehouse,SL01,2028.01.19,Raw Materials,AHMAD A. ABED TRADING CO. LTD.,2325.0,1.0,2325.0,,1.0,2.325,11.24,26133.0,>120 Days,20280119
30000152,SODIUM BICARBONATE,6002,6000,Warehouse,SL01,2028.06.21,Raw Materials,ECHEMI GLOBAL CO. LIMITED.,54000.0,1.0,54000.0,,1.0,54.0,1.73,93420.0,>120 Days,20280621
30000152,SODIUM BICARBONATE,6002,6000,Warehouse,SL01,2028.05.10,Raw Materials,ECHEMI GLOBAL CO. LIMITED.,29725.0,1.0,29725.0,,1.0,29.725,1.73,51424.25,>120 Days,20280510
30000152,SODIUM BICARBONATE,6002,6000,Warehouse,SL01,2028.04.09,Raw Materials,ECHEMI GLOBAL CO. LIMITED.,49950.0,1.0,49950.0,,1.0,49.95,1.73,86413.5,>120 Days,20280409
30000152,SODIUM BICARBONATE,6002,6000,Warehouse,SL01,2028.01.08,Raw Materials,ECHEMI GLOBAL CO. LIMITED.,200.0,1.0,200.0,,1.0,0.2,1.73,346.0,>120 Days,20280108
30000153,SPONGOLIT 542,6002,6000,Warehouse,SL01,2027.05.31,Raw Materials,BASF - THE CHEMICAL COMPANY,10540.0,1.0,10540.0,,1.0,10.54,18.17,191511.8,>120 Days,20270531
30000153,SPONGOLIT 542,6002,6000,Warehouse,SL01,2027.11.12,Raw Materials,BASF - THE CHEMICAL COMPANY,17000.0,1.0,17000.0,,1.0,17.0,18.17,308890.0,>120 Days,20271112
30000153,SPONGOLIT 542,6002,6000,Warehouse,SL01,2028.02.13,Raw Materials,BASF - THE CHEMICAL COMPANY,10196.05,1.0,10196.05,,1.0,10.196,18.17,185262.3,>120 Days,20280213
30000153,SPONGOLIT 542,6002,6000,Warehouse,SL01,2028.03.13,Raw Materials,BASF - THE CHEMICAL COMPANY,9443.95,1.0,9443.95,,1.0,9.444,18.17,171596.57,>120 Days,20280313
30000153,SPONGOLIT 542,6002,6000,Warehouse,SL01,2028.05.11,Raw Materials,BASF - THE CHEMICAL COMPANY,17160.0,1.0,17160.0,,1.0,17.16,18.17,311797.2,>120 Days,20280511
30000153,SPONGOLIT 542,6002,6000,Warehouse,SL01,2028.05.12,Raw Materials,BASF - THE CHEMICAL COMPANY,17160.0,1.0,17160.0,,1.0,17.16,18.17,311797.2,>120 Days,20280512
30000154,TOPPING BASE VANA MONTE DP563 RSPO SG,6002,6000,Warehouse,SL01,2027.07.12,Raw Materials,,19975.0,1.0,19975.0,,1.0,19.975,16.89,337377.75,>120 Days,20270712
30000158,TRICALCIUM PHOSPHATE,6002,6000,Warehouse,SL01,2028.01.20,Raw Materials,LIANYUNNANG MUPRO IMP & EXP CO. LTD,2650.0,1.0,2650.0,,1.0,2.65,5.35,14177.5,>120 Days,20280120
30000162,SWEET WHEY POWDER,6002,6000,Warehouse,SL01,2027.11.16,Raw Materials,AHMAD A. ABED TRADING CO. LTD.,6200.0,1.0,6200.0,,1.0,6.2,10.92,67704.0,>120 Days,20271116
30000163,XANTHAN GUM,6002,6000,Warehouse,SL01,2026.12.20,Raw Materials,MODERN PETROCHEMICALS COMPANY,200.0,1.0,200.0,,1.0,0.2,15.0,3000.0,61-90,20261220
30000163,XANTHAN GUM,6002,6000,Warehouse,SL01,2027.05.26,Raw Materials,MODERN PETROCHEMICALS COMPANY,350.0,1.0,350.0,,1.0,0.35,15.0,5250.0,>120 Days,20270526
30000166,DAWN BAKERS REQUEST CAKE MIX RED VELVET,6002,6000,Warehouse,SL01,2026.12.08,Raw Materials,"DAWN FOOD PRODUCTS, INC.",2313.36,23.0,100.58,,1.0,2.313,12.62,29194.6,61-90,20261208
30000166,DAWN BAKERS REQUEST CAKE MIX RED VELVET,6002,6000,Warehouse,SL01,2027.02.20,Raw Materials,"DAWN FOOD PRODUCTS, INC.",476.3,23.0,20.71,,1.0,0.476,12.62,6010.92,>120 Days,20270220
30000171,VITAL WHEAT GLUTEN,6002,6000,Warehouse,SL01,2028.05.01,Raw Materials,AHMAD A. ABED TRADING CO. LTD.,1925.0,1.0,1925.0,,1.0,1.925,7.63,14687.75,>120 Days,20280501
30000176,SODIUM ACID PYROPHOSPHATE,6002,6000,Warehouse,SL01,2027.12.15,Raw Materials,SHIFANG CHUANTENG CHEMICAL INDUSTRY,48568.69,1.0,48568.69,,1.0,48.569,5.47,265670.72,>120 Days,20271215
30000176,SODIUM ACID PYROPHOSPHATE,6002,6000,Warehouse,SL01,2028.03.04,Raw Materials,SHIFANG CHUANTENG CHEMICAL INDUSTRY,42456.31,1.0,42456.31,,1.0,42.456,5.47,232236.02,>120 Days,20280304
30000191,PANODAN A2020,6002,6000,Warehouse,SKEG,2026.09.18,Raw Materials,FOOD SPECIALITIES LIMITED,210.0,1.0,210.0,,1.0,0.21,52.48,11020.8,Expired,20260918
30000214,VINEGAR,6002,6000,Warehouse,SL01,2026.11.14,Raw Materials,,43.7,1.0,43.7,,1.0,0.044,3.36,146.83,31-60,20261114
30000224,SEMOLINA DURUM FINE,6002,6000,Warehouse,SL01,2027.04.01,Raw Materials,,1695.0,1.0,1695.0,,1.0,1.695,2.82,4779.9,>120 Days,20270401
30000224,SEMOLINA DURUM FINE,6002,6000,Warehouse,SL01,2026.07.01,Raw Materials,,450.0,1.0,450.0,,1.0,0.45,2.82,1269.0,Expired,20260701
30000226,PANZEA BG,6002,6000,Warehouse,SL01,2028.05.21,Raw Materials,NOVOZYMES A/S,400.0,20.0,20.0,,1.0,0.4,52.24,20896.0,>120 Days,20280521
30000226,PANZEA BG,6002,6000,Warehouse,SL01,2027.11.10,Raw Materials,NOVOZYMES A/S,200.0,20.0,10.0,,1.0,0.2,52.24,10448.0,>120 Days,20271110
30000226,PANZEA BG,6002,6000,Warehouse,SKEG,2024.10.21,Raw Materials,NOVOZYMES A/S,20.0,20.0,1.0,,1.0,0.02,52.24,1044.8,Expired,20241021
30000227,FUNGAMYL 4000 SG,6002,6000,Warehouse,SL01,2028.06.02,Raw Materials,NOVOZYMES A/S,1000.0,20.0,50.0,,1.0,1.0,154.21,154210.0,>120 Days,20280602
30000227,FUNGAMYL 4000 SG,6002,6000,Warehouse,SL01,2027.12.03,Raw Materials,NOVOZYMES A/S,880.0,20.0,44.0,,1.0,0.88,154.21,135704.8,>120 Days,20271203
30000229,MAIDA PRESTINE PATISSERIE FLOUR T45,6002,6000,Warehouse,SL01,2026.12.22,Raw Materials,UNIPEX DAIRY PRODUCTS CO LTD,25000.0,1.0,25000.0,,1.0,25.0,3.5,87500.0,61-90,20261222
30000229,MAIDA PRESTINE PATISSERIE FLOUR T45,6002,6000,Warehouse,SL01,2026.11.08,Raw Materials,UNIPEX DAIRY PRODUCTS CO LTD,25000.0,1.0,25000.0,,1.0,25.0,3.5,87500.0,31-60,20261108
30000229,MAIDA PRESTINE PATISSERIE FLOUR T45,6002,6000,Warehouse,SL01,2026.10.26,Raw Materials,UNIPEX DAIRY PRODUCTS CO LTD,15000.0,1.0,15000.0,,1.0,15.0,3.5,52500.0,0-30,20261026
30000261,WHIPPING BASE TOPPICS 130 F RSPO MB,6002,6000,Warehouse,SL01,2028.04.01,Raw Materials,DP SUPPLY BV,17925.0,1.0,17925.0,,25.0,448.125,13.79,247185.75,>120 Days,20280401
30000261,WHIPPING BASE TOPPICS 130 F RSPO MB,6002,6000,Warehouse,SL01,2027.10.01,Raw Materials,DP SUPPLY BV,45421.0,1.0,45421.0,,25.0,1135.525,13.79,626355.59,>120 Days,20271001
30000262,PILLSBURRY SPONGE CAKE IMPROVER,6002,6000,Warehouse,SKEG,2026.05.15,Raw Materials,GENERAL MILLS MIDDLE EAST,3510.11,2041.0,1.72,,1.0,3.51,15.31,53739.78,Expired,20260515
30000263,CHOCOLATE BROWN HT,6002,6000,Warehouse,SL01,2028.05.28,Raw Materials,DYNEMIC PRODUCTS LTD.,150.48,1.0,150.48,,1.0,0.15,56.08,8438.92,>120 Days,20280528
30000264,PILLSBURRY YEAST DONUT IMPROVER,6002,6000,Warehouse,SKEG,2025.10.06,Raw Materials,GENERAL MILLS MIDDLE EAST,816.4,2041.0,0.4,,1.0,0.816,13.11,10703.0,Expired,20251006
30000264,PILLSBURRY YEAST DONUT IMPROVER,6002,6000,Warehouse,SKEG,2025.10.09,Raw Materials,GENERAL MILLS MIDDLE EAST,9204.91,2041.0,4.51,,1.0,9.205,13.11,120676.37,Expired,20251009
30000264,PILLSBURRY YEAST DONUT IMPROVER,6002,6000,Warehouse,SKEG,2026.05.15,Raw Materials,GENERAL MILLS MIDDLE EAST,11205.09,2041.0,5.49,,1.0,11.205,13.11,146898.73,Expired,20260515
30000267,PILLSBURRY CREME CAKE IMPROVER,6002,6000,Warehouse,SL01,2027.02.13,Raw Materials,GENERAL MILLS MIDDLE EAST,30148.21,2041.0,14.77,,1.0,30.148,16.45,495938.05,>120 Days,20270213
30000268,CREMODAN 100 COLDLINE,6002,6000,Warehouse,SKEG,2026.05.03,Raw Materials,FOOD SPECIALITIES LIMITED,200.0,1.0,200.0,,1.0,0.2,111.86,22372.0,Expired,20260503
30000268,CREMODAN 100 COLDLINE,6002,6000,Warehouse,SKEG,2026.05.26,Raw Materials,FOOD SPECIALITIES LIMITED,380.0,1.0,380.0,,1.0,0.38,111.86,42506.8,Expired,20260526
30000270,PILLSBURRY PUDDING CAKE IMPROVER,6002,6000,Warehouse,SKEG,2025.06.09,Raw Materials,GENERAL MILLS MIDDLE EAST,0.0,2041.0,0.0,,1.0,0.0,17.03,0.02,Expired,20250509
30000270,PILLSBURRY PUDDING CAKE IMPROVER,6002,6000,Warehouse,SKEG,2026.05.02,Raw Materials,GENERAL MILLS MIDDLE EAST,18.68,2041.0,0.01,,1.0,0.019,17.03,318.1,Expired,20260502
30000277,INSTANT PURE FLO F,6002,6000,Warehouse,SKEG,2026.03.29,Raw Materials,JUFFALI UNIVAR SAUDI ARABIAN,1510.0,1.0,1510.0,,1.0,1.51,27.18,41041.8,Expired,20260329
30000277,INSTANT PURE FLO F,6002,6000,Warehouse,SKEG,2026.06.01,Raw Materials,JUFFALI UNIVAR SAUDI ARABIAN,15.0,1.0,15.0,,1.0,0.015,27.18,407.7,Expired,20260601
30000277,INSTANT PURE FLO F,6002,6000,Warehouse,SKEG,2026.06.21,Raw Materials,JUFFALI UNIVAR SAUDI ARABIAN,1000.0,1.0,1000.0,,1.0,1.0,27.18,27180.0,Expired,20260621
30000281,DAWN CHOCOLATE CREME CAKE CONCENTRATE,6002,6000,Warehouse,SKEG,2024.09.10,Raw Materials,"DAWN FOOD PRODUCTS, INC.",1020.6,2268.0,0.45,,1.0,1.021,12.7,12961.62,Expired,20240910
30000283,DAWN EXCEPTIONAL POTATO BREAD BASE,6002,6000,Warehouse,SKEG,2026.02.06,Raw Materials,"DAWN FOOD PRODUCTS, INC.",997.92,2268.0,0.44,,1.0,0.998,10.62,10597.91,Expired,20260206
30000284,DAWN RAISED DONUT BASE - EXTEND-R,6002,6000,Warehouse,SKEG,2025.07.09,Raw Materials,"DAWN FOOD PRODUCTS, INC.",11181.24,2268.0,4.93,,1.0,11.181,7.54,84306.55,Expired,20250709
30000284,DAWN RAISED DONUT BASE - EXTEND-R,6002,6000,Warehouse,SKEG,2026.04.14,Raw Materials,"DAWN FOOD PRODUCTS, INC.",11090.52,2268.0,4.89,,1.0,11.091,7.54,83622.52,Expired,20260413
30000285,WHIPPO CREMO CONCENTRATE,6002,6000,Warehouse,SKEG,2026.07.28,Raw Materials,ZEELANDIA INTERNATIONAL B.V.,1100.0,1.0,1100.0,,1.0,1.1,32.49,35739.0,Expired,20260728
30000288,DAWN SA CREAM CAKE CONCENTRATE PLAIN,6002,6000,Warehouse,SL01,2027.03.27,Raw Materials,DAWN FOODS PORTUGAL S.A,14025.0,20.0,701.25,,1.0,14.025,13.88,194667.0,>120 Days,20270327
30000292,SESAME SEEDS 99.99%,6002,6000,Warehouse,SL01,2027.08.01,Raw Materials,,750.0,1.0,750.0,,1.0,0.75,6.74,5055.0,>120 Days,20270801
30000317,EXTRA FINE BLANCHED GROUND ALMONDS,6002,6000,Warehouse,SL01,2027.11.01,Raw Materials,,400.0,1.0,400.0,,1.0,0.4,33.2,13280.0,91-120,20270111
30000318,DAWN SA CREAM CAKE CONCENTRATE CHOCO,6002,6000,Warehouse,SL01,2027.04.23,Raw Materials,DAWN FOODS PORTUGAL S.A,20620.0,20.0,1031.0,,1.0,20.62,24.49,504983.8,>120 Days,20270423
30000320,GLUZYME FORTIS 2X BG,6002,6000,Warehouse,SL01,2027.06.11,Raw Materials,NOVOZYMES A/S,260.0,1.0,260.0,,1.0,0.26,522.18,135766.8,>120 Days,20270611
30000322,NATURAL COLOR CLOUDY YELLOW,6002,6000,Warehouse,SL01,2028.08.30,Raw Materials,DOHLER GMBH,20.0,1.0,20.0,,1.0,0.02,539.73,10794.6,>120 Days,20280830
30000323,NATURAL COLOR WHITE DIAMOND E516,6002,6000,Warehouse,SL01,2029.06.09,Raw Materials,DOHLER GMBH,68.0,1.0,68.0,,1.0,0.068,56.36,3832.48,>120 Days,20290609
30000324,NATURAL COLOR BLACK TURBID E153,6002,6000,Warehouse,SL01,2029.02.28,Raw Materials,DOHLER GMBH,20.0,1.0,20.0,,1.0,0.02,217.47,4349.4,>120 Days,20290228
30000337,RICE STARCH,6002,6000,Warehouse,SL01,2029.02.25,Raw Materials,RUE FLAMBEE ITALIAS.R.L,3800.0,1.0,3800.0,,1.0,3.8,15.04,57152.0,>120 Days,20290225
30000341,PIDA ICING SUGAR,6002,6000,Warehouse,SL01,2029.05.22,Raw Materials,AHMAD A. ABED TRADING CO. LTD.,130.0,50.0,2.6,,10.0,1.3,5.2,676.0,>120 Days,20290522
30000342,DAWN SA SPONGE CAKE CONC PLN MB 20K,6002,6000,Warehouse,SL01,2027.02.12,Raw Materials,DAWN FOODS PORTUGAL S.A,798.0,20.0,39.9,,1.0,0.798,12.52,9990.96,>120 Days,20270212
30000342,DAWN SA SPONGE CAKE CONC PLN MB 20K,6002,6000,Warehouse,SKEG,2026.06.02,Raw Materials,DAWN FOODS PORTUGAL S.A,4201.0,20.0,210.05,,1.0,4.201,12.52,52596.52,Expired,20260602
30000342,DAWN SA SPONGE CAKE CONC PLN MB 20K,6002,6000,Warehouse,SKEG,2026.05.09,Raw Materials,DAWN FOODS PORTUGAL S.A,5900.0,20.0,295.0,,1.0,5.9,12.52,73868.0,Expired,20260509
30000342,DAWN SA SPONGE CAKE CONC PLN MB 20K,6002,6000,Warehouse,SKEG,2026.02.12,Raw Materials,DAWN FOODS PORTUGAL S.A,1684.0,20.0,84.2,,1.0,1.684,12.52,21083.68,Expired,20260212
30000343,DAWN SA SPONGE CAKE CONC CHOC MB RACMB,6002,6000,Warehouse,SKEG,2026.05.15,Raw Materials,DAWN FOODS PORTUGAL S.A,20040.0,20.0,1002.0,,1.0,20.04,20.25,405810.0,Expired,20260515
30000343,DAWN SA SPONGE CAKE CONC CHOC MB RACMB,6002,6000,Warehouse,SL01,2027.02.21,Raw Materials,DAWN FOODS PORTUGAL S.A,494.0,20.0,24.7,,1.0,0.494,20.25,10003.5,>120 Days,20270221
30000343,DAWN SA SPONGE CAKE CONC CHOC MB RACMB,6002,6000,Warehouse,SKEG,2026.03.21,Raw Materials,DAWN FOODS PORTUGAL S.A,4840.0,20.0,242.0,,1.0,4.84,20.25,98010.0,Expired,20260321
30000343,DAWN SA SPONGE CAKE CONC CHOC MB RACMB,6002,6000,Warehouse,SKEG,2026.02.21,Raw Materials,DAWN FOODS PORTUGAL S.A,26.0,20.0,1.3,,1.0,0.026,20.25,526.5,Expired,20260221
30000344,DAWN SA MAGIC DONUT CONC MB 20K,6002,6000,Warehouse,SKEG,2026.05.19,Raw Materials,DAWN FOODS PORTUGAL S.A,440.0,20.0,22.0,,1.0,0.44,20.33,8945.2,Expired,20260519
30000344,DAWN SA MAGIC DONUT CONC MB 20K,6002,6000,Warehouse,SKEG,2026.06.04,Raw Materials,DAWN FOODS PORTUGAL S.A,3900.0,20.0,195.0,,1.0,3.9,20.33,79287.0,Expired,20260604
30000345,DAWN SA POTATO ROLL CONC MB 20K,6002,6000,Warehouse,SKEG,2026.06.02,Raw Materials,DAWN FOODS PORTUGAL S.A,7380.0,20.0,369.0,,1.0,7.38,12.11,89371.8,Expired,20260602
30000348,TOPPING BASE MOKAERO G200,6002,6000,Warehouse,SL01,2027.12.23,Raw Materials,DP SUPPLY BV,66000.0,1.0,66000.0,,20.0,1320.0,15.97,1054020.0,>120 Days,20271223
30000348,TOPPING BASE MOKAERO G200,6002,6000,Warehouse,SL01,2027.11.15,Raw Materials,DP SUPPLY BV,88000.0,1.0,88000.0,,20.0,1760.0,15.97,1405360.0,>120 Days,20271115
30000348,TOPPING BASE MOKAERO G200,6002,6000,Warehouse,SL01,2027.04.22,Raw Materials,DP SUPPLY BV,44000.0,1.0,44000.0,,20.0,880.0,15.97,702680.0,>120 Days,20270422
30000348,TOPPING BASE MOKAERO G200,6002,6000,Warehouse,SL01,2027.04.02,Raw Materials,DP SUPPLY BV,44000.0,1.0,44000.0,,20.0,880.0,15.97,702680.0,>120 Days,20270402
30000348,TOPPING BASE MOKAERO G200,6002,6000,Warehouse,SL01,2027.03.03,Raw Materials,DP SUPPLY BV,65980.0,1.0,65980.0,,20.0,1319.6,15.97,1053700.6,>120 Days,20270303
30000348,TOPPING BASE MOKAERO G200,6002,6000,Warehouse,SL01,2027.02.27,Raw Materials,DP SUPPLY BV,10135.0,1.0,10135.0,,20.0,202.7,15.97,161855.95,>120 Days,20270227
30000348,TOPPING BASE MOKAERO G200,6002,6000,Warehouse,SL01,2026.10.14,Raw Materials,DP SUPPLY BV,60.0,1.0,60.0,,20.0,1.2,15.97,958.2,0-30,20261014
30000350,GLUCOSE POWDER,6002,6000,Warehouse,SL01,2027.05.29,Raw Materials,RUE FLAMBEE ITALIAS.R.L,300.0,1.0,300.0,,1.0,0.3,4.2,1260.0,>120 Days,20270529
30000352,DONUT CONCENTRATE (LESSN RF),6002,6000,Warehouse,SL01,2027.04.01,Raw Materials,AB MAURI MIDDLE EAST FZE,71.71,20.0,3.59,,1.0,0.072,42.39,3039.96,>120 Days,20270401
30000352,DONUT CONCENTRATE (LESSN RF),6002,6000,Warehouse,SL01,2027.03.19,Raw Materials,AB MAURI MIDDLE EAST FZE,5000.0,20.0,250.0,,1.0,5.0,42.39,211950.0,>120 Days,20270319
30000352,DONUT CONCENTRATE (LESSN RF),6002,6000,Warehouse,SKEG,2026.04.01,Raw Materials,AB MAURI MIDDLE EAST FZE,253.77,20.0,12.69,,1.0,0.254,42.39,10757.48,Expired,20260401
30000353,PREMIX ROTOX 25%,6002,6000,Warehouse,SKEG,2026.04.25,Raw Materials,AB MAURI MIDDLE EAST FZE,1980.0,20.0,99.0,,1.0,1.98,32.25,63855.0,Expired,20260425
30000354,ACTIVA PLUS PREMIX 10%,6002,6000,Warehouse,SKEG,2026.04.25,Raw Materials,AB MAURI MIDDLE EAST FZE,383.0,20.0,19.15,,1.0,0.383,24.71,9463.93,Expired,20260425
30000355,ACTIVA SUPER PREMIX 10%,6002,6000,Warehouse,SKEG,2026.04.25,Raw Materials,AB MAURI MIDDLE EAST FZE,880.0,20.0,44.0,,1.0,0.88,38.83,34170.4,Expired,20260425
30000359,COCOA POWDER L68,6002,6000,Warehouse,SL01,2027.06.18,Raw Materials,AHMAD A. ABED TRADING CO. LTD.,1875.0,1.0,1875.0,,1.0,1.875,38.57,72318.75,>120 Days,20270618
30000359,COCOA POWDER L68,6002,6000,Warehouse,SL01,2027.04.09,Raw Materials,AHMAD A. ABED TRADING CO. LTD.,950.0,1.0,950.0,,1.0,0.95,38.57,36641.5,>120 Days,20270409
30000360,LAMEQUICK 7279,6002,6000,Warehouse,SL01,2027.07.16,Raw Materials,AHMAD A. ABED TRADING CO. LTD.,21400.0,1.0,21400.0,,1.0,21.4,16.15,345610.0,>120 Days,20270716
30000363,COCOA POWDER D11DL,6002,6000,Warehouse,SL01,2028.01.10,Raw Materials,AHMAD A. ABED TRADING CO. LTD.,25.0,1.0,25.0,,1.0,0.025,30.05,751.25,>120 Days,20280110
30000365,EMJEL EP200,6002,6000,Warehouse,SL01,2027.02.13,Raw Materials,EMSLAND STAERKE GMBH,2875.0,1.0,2875.0,,1.0,2.875,11.12,31970.0,>120 Days,20270213
30000366,WHIPPING BASE EDIFETT HWP 014,6002,6000,Warehouse,SL01,2027.09.30,Raw Materials,MEGGLE GMBH & CO. KG,23375.0,1.0,23375.0,,1.0,23.375,17.99,420516.25,>120 Days,20270930
30000367,COCOA BUTTER SUBSTITUTE,6002,6000,Warehouse,SL01,2027.01.13,Raw Materials,,1000.0,1.0,1000.0,,1.0,1.0,14.0,14000.0,91-120,20270113
30000367,COCOA BUTTER SUBSTITUTE,6002,6000,Warehouse,SL01,L260143P25,Raw Materials,,125.0,1.0,125.0,,1.0,0.125,14.0,1750.0,>120 Days,20280114
30000368,COCOA POWDER DP40,6002,6000,Warehouse,SL01,2027.09.23,Raw Materials,AHMAD A. ABED TRADING CO. LTD.,4055.0,1.0,4055.0,,1.0,4.055,29.97,121528.35,>120 Days,20270923
30000369,CHOCOLATE FLAVOUR (MICRONPLUS),6002,6000,Warehouse,SL01,2028.03.11,Raw Materials,,360.0,1.0,360.0,,1.0,0.36,90.0,32400.0,>120 Days,20280311
30000374,AB MAURI TORTILLA IMP 3.5% 20 KG,6002,6000,Warehouse,SL01,2027.06.25,Raw Materials,GRAIN SILOS (FIRST MILLING COMPANY),8940.0,1.0,8940.0,,1.0,8.94,26.72,238876.8,>120 Days,20270625
30000375,AB MAURI AB TEC RAISING AGENT 20KG,6002,6000,Warehouse,SL01,2026.10.31,Raw Materials,GRAIN SILOS (FIRST MILLING COMPANY),79.75,1.0,79.75,,1.0,0.08,14.64,1167.48,31-60,20261031
30000375,AB MAURI AB TEC RAISING AGENT 20KG,6002,6000,Warehouse,SL01,2027.06.22,Raw Materials,GRAIN SILOS (FIRST MILLING COMPANY),4900.0,1.0,4900.0,,1.0,4.9,14.64,71736.0,>120 Days,20270622
30000376,AB MAURI AB TEC TORTILLA ACIDS 20KG,6002,6000,Warehouse,SL01,2026.10.01,Raw Materials,GRAIN SILOS (FIRST MILLING COMPANY),60.0,1.0,60.0,,20.0,1.2,34.09,2045.4,0-30,20261001
30000376,AB MAURI AB TEC TORTILLA ACIDS 20KG,6002,6000,Warehouse,SL01,2027.06.19,Raw Materials,GRAIN SILOS (FIRST MILLING COMPANY),2940.0,1.0,2940.0,,20.0,58.8,34.09,100224.6,>120 Days,20270619
30000379,AB MAURI SOFT MOUTH PRO 0.5% 10KG,6002,6000,Warehouse,SL01,2027.06.19,Raw Materials,AB MAURI SOUTH WEST ASIA PTY. LTD.,20.0,1.0,20.0,,10.0,0.2,37.73,754.6,>120 Days,20280617
50000619,PRINTED AB MAURI BAG 10KG,6002,6000,Warehouse,SL01,RM,NON FOOD OTHERS,,2693.0,1.0,2693.0,,0.01,0.027,3.16,8509.88,>120 Days,00000000
